{
  "text": "Navdy Privacy Policy\n\nThis Privacy Policy describes Navdy Inc.'s, its affiliates', and subsidiaries' (collectively \"Navdy,\" \"we,\" \"our,\" or \"us\") practices regarding the collection, use, storage, sharing, and safeguarding of your information collected from any Navdy-operated website or mobile application, including navdy.com, www.navdy.com, and app.navdy.com, or from your use of any Navdy product, including the Navdy Display (collectively, the \"Service\").\n\n",
  "words": [
    "Navdy",
    "Privacy",
    "Policy",
    "This",
    "Privacy",
    "Policy",
    "describes",
    "Navdy",
    "Inc",
    ".",
    "'s",
    ",",
    "it",
    "s",
    "affiliates",
    "'",
    ",",
    "and",
    "subsidiaries",
    "'",
    "(",
    "collectively",
    "\"",
    "Navdy",
    ",",
    "\"",
    "\"",
    "we",
    ",",
    "\"",
    "\"",
    "our",
    ",",
    "\"",
    "or",
    "\"",
    "us",
    "\"",
    ")",
    "practices",
    "regarding",
    "the",
    "collection",
    ",",
    "use",
    ",",
    "storage",
    ",",
    "sharing",
    ",",
    "and",
    "safeguarding",
    "of",
    "your",
    "information",
    "collected",
    "from",
    "any",
    "Navdy",
    "-operated",
    "website",
    "or",
    "mobile",
    "application",
    ",",
    "including",
    "navdy.com",
    ",",
    "www.navdy.com",
    ",",
    "and",
    "app.navdy.com",
    ",",
    "or",
    "from",
    "your",
    "use",
    "of",
    "any",
    "Navdy",
    "product",
    ",",
    "including",
    "the",
    "Navdy",
    "Display",
    "(",
    "collectively",
    ",",
    "the",
    "\"",
    "Service",
    "\"",
    ")",
    "."
  ],
  "lemma": [
    "Navdy",
    "privacy",
    "policy",
    "this",
    "privacy",
    "policy",
    "describe",
    "Navdy",
    "Inc",
    ".",
    "'s",
    ",",
    "it",
    "be",
    "affiliate",
    "'",
    ",",
    "and",
    "subsidiary",
    "'",
    "(",
    "collectively",
    "\"",
    "Navdy",
    ",",
    "\"",
    "\"",
    "we",
    ",",
    "\"",
    "\"",
    "we",
    ",",
    "\"",
    "or",
    "\"",
    "we",
    "\"",
    ")",
    "practice",
    "regard",
    "the",
    "collection",
    ",",
    "use",
    ",",
    "storage",
    ",",
    "share",
    ",",
    "and",
    "safeguard",
    "of",
    "you",
    "information",
    "collect",
    "from",
    "any",
    "Navdy",
    "-operated",
    "website",
    "or",
    "mobile",
    "application",
    ",",
    "include",
    "navdy.com",
    ",",
    "www.navdy.com",
    ",",
    "and",
    "app.navdy.com",
    ",",
    "or",
    "from",
    "you",
    "use",
    "of",
    "any",
    "Navdy",
    "product",
    ",",
    "include",
    "the",
    "Navdy",
    "display",
    "(",
    "collectively",
    ",",
    "the",
    "\"",
    "service",
    "\"",
    ")",
    "."
  ],
  "pos-tags": [
    "JJ",
    "NN",
    "NN",
    "DT",
    "NN",
    "NN",
    "VBZ",
    "NNP",
    "NNP",
    ".",
    "POS",
    ",",
    "PRP",
    "VBZ",
    "NNS",
    "''",
    ",",
    "CC",
    "VBZ",
    "``",
    "-LRB-",
    "RB",
    "``",
    "UH",
    ",",
    "``",
    "``",
    "PRP",
    ",",
    "''",
    "``",
    "PRP$",
    ",",
    "''",
    "CC",
    "``",
    "PRP",
    "''",
    "-RRB-",
    "NNS",
    "VBG",
    "DT",
    "NN",
    ",",
    "NN",
    ",",
    "NN",
    ",",
    "NN",
    ",",
    "CC",
    "NN",
    "IN",
    "PRP$",
    "NN",
    "VBN",
    "IN",
    "DT",
    "NNP",
    "JJ",
    "NN",
    "CC",
    "JJ",
    "NN",
    ",",
    "VBG",
    "ADD",
    ",",
    "ADD",
    ",",
    "CC",
    "WP",
    ",",
    "CC",
    "IN",
    "PRP$",
    "NN",
    "IN",
    "DT",
    "JJ",
    "NN",
    ",",
    "VBG",
    "DT",
    "NNP",
    "NNP",
    "-LRB-",
    "RB",
    ",",
    "DT",
    "``",
    "NN",
    "''",
    "-RRB-",
    "."
  ],
  "dependency-relation": [
    "amod",
    "compound",
    "root",
    "det",
    "compound",
    "nsubj",
    "root",
    "compound",
    "obj",
    "punct",
    "case",
    "punct",
    "nsubj",
    "cop",
    "conj",
    "punct",
    "punct",
    "cc",
    "conj",
    "punct",
    "punct",
    "advmod",
    "punct",
    "discourse",
    "punct",
    "punct",
    "punct",
    "appos",
    "punct",
    "punct",
    "punct",
    "nmod:poss",
    "punct",
    "punct",
    "cc",
    "punct",
    "conj",
    "punct",
    "punct",
    "conj",
    "case",
    "det",
    "nmod",
    "punct",
    "conj",
    "punct",
    "conj",
    "punct",
    "conj",
    "punct",
    "cc",
    "conj",
    "case",
    "nmod:poss",
    "nmod",
    "acl",
    "case",
    "det",
    "compound",
    "amod",
    "obl",
    "cc",
    "amod",
    "conj",
    "punct",
    "case",
    "parataxis",
    "punct",
    "conj",
    "punct",
    "cc",
    "conj",
    "punct",
    "cc",
    "case",
    "nmod:poss",
    "conj",
    "case",
    "nmod",
    "amod",
    "root",
    "punct",
    "case",
    "det",
    "compound",
    "flat",
    "punct",
    "advmod",
    "punct",
    "det",
    "punct",
    "nmod",
    "punct",
    "punct",
    "punct"
  ],
  "token-ranges": [
    [
      0,
      5
    ],
    [
      6,
      13
    ],
    [
      14,
      20
    ],
    [
      22,
      26
    ],
    [
      27,
      34
    ],
    [
      35,
      41
    ],
    [
      42,
      51
    ],
    [
      52,
      57
    ],
    [
      58,
      61
    ],
    [
      61,
      62
    ],
    [
      62,
      64
    ],
    [
      64,
      65
    ],
    [
      66,
      68
    ],
    [
      68,
      69
    ],
    [
      70,
      80
    ],
    [
      80,
      81
    ],
    [
      81,
      82
    ],
    [
      83,
      86
    ],
    [
      87,
      99
    ],
    [
      99,
      100
    ],
    [
      101,
      102
    ],
    [
      102,
      114
    ],
    [
      115,
      116
    ],
    [
      116,
      121
    ],
    [
      121,
      122
    ],
    [
      122,
      123
    ],
    [
      124,
      125
    ],
    [
      125,
      127
    ],
    [
      127,
      128
    ],
    [
      128,
      129
    ],
    [
      130,
      131
    ],
    [
      131,
      134
    ],
    [
      134,
      135
    ],
    [
      135,
      136
    ],
    [
      137,
      139
    ],
    [
      140,
      141
    ],
    [
      141,
      143
    ],
    [
      143,
      144
    ],
    [
      144,
      145
    ],
    [
      146,
      155
    ],
    [
      156,
      165
    ],
    [
      166,
      169
    ],
    [
      170,
      180
    ],
    [
      180,
      181
    ],
    [
      182,
      185
    ],
    [
      185,
      186
    ],
    [
      187,
      194
    ],
    [
      194,
      195
    ],
    [
      196,
      203
    ],
    [
      203,
      204
    ],
    [
      205,
      208
    ],
    [
      209,
      221
    ],
    [
      222,
      224
    ],
    [
      225,
      229
    ],
    [
      230,
      241
    ],
    [
      242,
      251
    ],
    [
      252,
      256
    ],
    [
      257,
      260
    ],
    [
      261,
      266
    ],
    [
      266,
      275
    ],
    [
      276,
      283
    ],
    [
      284,
      286
    ],
    [
      287,
      293
    ],
    [
      294,
      305
    ],
    [
      305,
      306
    ],
    [
      307,
      316
    ],
    [
      317,
      326
    ],
    [
      326,
      327
    ],
    [
      328,
      341
    ],
    [
      341,
      342
    ],
    [
      343,
      346
    ],
    [
      347,
      360
    ],
    [
      360,
      361
    ],
    [
      362,
      364
    ],
    [
      365,
      369
    ],
    [
      370,
      374
    ],
    [
      375,
      378
    ],
    [
      379,
      381
    ],
    [
      382,
      385
    ],
    [
      386,
      391
    ],
    [
      392,
      399
    ],
    [
      399,
      400
    ],
    [
      401,
      410
    ],
    [
      411,
      414
    ],
    [
      415,
      420
    ],
    [
      421,
      428
    ],
    [
      429,
      430
    ],
    [
      430,
      442
    ],
    [
      442,
      443
    ],
    [
      444,
      447
    ],
    [
      448,
      449
    ],
    [
      449,
      456
    ],
    [
      456,
      457
    ],
    [
      457,
      458
    ],
    [
      458,
      459
    ]
  ],
  "sent-token-ranges": [
    [
      0,
      2
    ],
    [
      3,
      78
    ],
    [
      79,
      94
    ]
  ],
  "entity/argument_mentions": [],
  "event_mentions": []
}