{
  "text": "Changes to this Privacy Policy\n\nWe may make changes to this Privacy Policy. The most current version of the Privacy Policy will govern our use of information about you and will be located at notice@navdy.com. If we make material changes to this Privacy Policy, we'll notify you by posting a notice on the Service and, if you provide your email to us, by sending an email to the address we have on file for you. Please ensure this address remains current so you'll receive updates.\n\n",
  "words": [
    "Changes",
    "to",
    "this",
    "Privacy",
    "Policy",
    "We",
    "may",
    "make",
    "changes",
    "to",
    "this",
    "Privacy",
    "Policy",
    ".",
    "The",
    "most",
    "current",
    "version",
    "of",
    "the",
    "Privacy",
    "Policy",
    "will",
    "govern",
    "our",
    "use",
    "of",
    "information",
    "about",
    "you",
    "and",
    "will",
    "be",
    "located",
    "at",
    "notice@navdy.com",
    ".",
    "If",
    "we",
    "make",
    "material",
    "changes",
    "to",
    "this",
    "Privacy",
    "Policy",
    ",",
    "we",
    "'ll",
    "notify",
    "you",
    "by",
    "posting",
    "a",
    "notice",
    "on",
    "the",
    "Service",
    "and",
    ",",
    "if",
    "you",
    "provide",
    "your",
    "email",
    "to",
    "us",
    ",",
    "by",
    "sending",
    "an",
    "email",
    "to",
    "the",
    "address",
    "we",
    "have",
    "on",
    "file",
    "for",
    "you",
    ".",
    "Please",
    "ensure",
    "this",
    "address",
    "remains",
    "current",
    "so",
    "you",
    "'ll",
    "receive",
    "updates",
    "."
  ],
  "lemma": [
    "change",
    "to",
    "this",
    "privacy",
    "policy",
    "we",
    "may",
    "make",
    "change",
    "to",
    "this",
    "privacy",
    "policy",
    ".",
    "the",
    "most",
    "current",
    "version",
    "of",
    "the",
    "privacy",
    "policy",
    "will",
    "govern",
    "we",
    "use",
    "of",
    "information",
    "about",
    "you",
    "and",
    "will",
    "be",
    "locate",
    "at",
    "notice@navdy.com",
    ".",
    "if",
    "we",
    "make",
    "material",
    "change",
    "to",
    "this",
    "privacy",
    "policy",
    ",",
    "we",
    "will",
    "notify",
    "you",
    "by",
    "post",
    "a",
    "notice",
    "on",
    "the",
    "service",
    "and",
    ",",
    "if",
    "you",
    "provide",
    "you",
    "email",
    "to",
    "we",
    ",",
    "by",
    "send",
    "a",
    "email",
    "to",
    "the",
    "address",
    "we",
    "have",
    "on",
    "file",
    "for",
    "you",
    ".",
    "please",
    "ensure",
    "this",
    "address",
    "remain",
    "current",
    "so",
    "you",
    "will",
    "receive",
    "update",
    "."
  ],
  "pos-tags": [
    "NNS",
    "IN",
    "DT",
    "NN",
    "NN",
    "PRP",
    "MD",
    "VB",
    "NNS",
    "IN",
    "DT",
    "NN",
    "NN",
    ".",
    "DT",
    "RBS",
    "JJ",
    "NN",
    "IN",
    "DT",
    "NN",
    "NN",
    "MD",
    "VB",
    "PRP$",
    "NN",
    "IN",
    "NN",
    "IN",
    "PRP",
    "CC",
    "MD",
    "VB",
    "VBN",
    "IN",
    "ADD",
    ".",
    "IN",
    "PRP",
    "VBP",
    "JJ",
    "NNS",
    "IN",
    "DT",
    "NN",
    "NN",
    ",",
    "PRP",
    "MD",
    "VB",
    "PRP",
    "IN",
    "VBG",
    "DT",
    "NN",
    "IN",
    "DT",
    "NN",
    "CC",
    ",",
    "IN",
    "PRP",
    "VBP",
    "PRP$",
    "NN",
    "IN",
    "PRP",
    ",",
    "IN",
    "VBG",
    "DT",
    "NN",
    "IN",
    "DT",
    "NN",
    "PRP",
    "VBP",
    "IN",
    "NN",
    "IN",
    "PRP",
    ".",
    "UH",
    "VB",
    "DT",
    "NN",
    "VBZ",
    "JJ",
    "IN",
    "PRP",
    "MD",
    "VB",
    "NNS",
    "."
  ],
  "dependency-relation": [
    "root",
    "case",
    "det",
    "compound",
    "nmod",
    "nsubj",
    "aux",
    "root",
    "obj",
    "case",
    "det",
    "compound",
    "nmod",
    "punct",
    "det",
    "advmod",
    "amod",
    "nsubj",
    "case",
    "det",
    "compound",
    "nmod",
    "aux",
    "root",
    "nmod:poss",
    "obj",
    "case",
    "nmod",
    "case",
    "nmod",
    "cc",
    "aux",
    "aux:pass",
    "conj",
    "case",
    "obl",
    "punct",
    "mark",
    "nsubj",
    "advcl",
    "amod",
    "obj",
    "case",
    "det",
    "compound",
    "obl",
    "punct",
    "nsubj",
    "aux",
    "root",
    "obj",
    "mark",
    "advcl",
    "det",
    "obj",
    "case",
    "det",
    "nmod",
    "cc",
    "punct",
    "mark",
    "nsubj",
    "advcl",
    "nmod:poss",
    "obj",
    "case",
    "obl",
    "punct",
    "mark",
    "advcl",
    "det",
    "obj",
    "case",
    "det",
    "nmod",
    "nsubj",
    "acl:relcl",
    "case",
    "obl",
    "case",
    "nmod",
    "punct",
    "discourse",
    "root",
    "det",
    "nsubj",
    "ccomp",
    "xcomp",
    "mark",
    "nsubj",
    "aux",
    "advcl",
    "obj",
    "punct"
  ],
  "token-ranges": [
    [
      0,
      7
    ],
    [
      8,
      10
    ],
    [
      11,
      15
    ],
    [
      16,
      23
    ],
    [
      24,
      30
    ],
    [
      32,
      34
    ],
    [
      35,
      38
    ],
    [
      39,
      43
    ],
    [
      44,
      51
    ],
    [
      52,
      54
    ],
    [
      55,
      59
    ],
    [
      60,
      67
    ],
    [
      68,
      74
    ],
    [
      74,
      75
    ],
    [
      76,
      79
    ],
    [
      80,
      84
    ],
    [
      85,
      92
    ],
    [
      93,
      100
    ],
    [
      101,
      103
    ],
    [
      104,
      107
    ],
    [
      108,
      115
    ],
    [
      116,
      122
    ],
    [
      123,
      127
    ],
    [
      128,
      134
    ],
    [
      135,
      138
    ],
    [
      139,
      142
    ],
    [
      143,
      145
    ],
    [
      146,
      157
    ],
    [
      158,
      163
    ],
    [
      164,
      167
    ],
    [
      168,
      171
    ],
    [
      172,
      176
    ],
    [
      177,
      179
    ],
    [
      180,
      187
    ],
    [
      188,
      190
    ],
    [
      191,
      207
    ],
    [
      207,
      208
    ],
    [
      209,
      211
    ],
    [
      212,
      214
    ],
    [
      215,
      219
    ],
    [
      220,
      228
    ],
    [
      229,
      236
    ],
    [
      237,
      239
    ],
    [
      240,
      244
    ],
    [
      245,
      252
    ],
    [
      253,
      259
    ],
    [
      259,
      260
    ],
    [
      261,
      263
    ],
    [
      263,
      266
    ],
    [
      267,
      273
    ],
    [
      274,
      277
    ],
    [
      278,
      280
    ],
    [
      281,
      288
    ],
    [
      289,
      290
    ],
    [
      291,
      297
    ],
    [
      298,
      300
    ],
    [
      301,
      304
    ],
    [
      305,
      312
    ],
    [
      313,
      316
    ],
    [
      316,
      317
    ],
    [
      318,
      320
    ],
    [
      321,
      324
    ],
    [
      325,
      332
    ],
    [
      333,
      337
    ],
    [
      338,
      343
    ],
    [
      344,
      346
    ],
    [
      347,
      349
    ],
    [
      349,
      350
    ],
    [
      351,
      353
    ],
    [
      354,
      361
    ],
    [
      362,
      364
    ],
    [
      365,
      370
    ],
    [
      371,
      373
    ],
    [
      374,
      377
    ],
    [
      378,
      385
    ],
    [
      386,
      388
    ],
    [
      389,
      393
    ],
    [
      394,
      396
    ],
    [
      397,
      401
    ],
    [
      402,
      405
    ],
    [
      406,
      409
    ],
    [
      409,
      410
    ],
    [
      411,
      417
    ],
    [
      418,
      424
    ],
    [
      425,
      429
    ],
    [
      430,
      437
    ],
    [
      438,
      445
    ],
    [
      446,
      453
    ],
    [
      454,
      456
    ],
    [
      457,
      460
    ],
    [
      460,
      463
    ],
    [
      464,
      471
    ],
    [
      472,
      479
    ],
    [
      479,
      480
    ]
  ],
  "sent-token-ranges": [
    [
      0,
      4
    ],
    [
      5,
      13
    ],
    [
      14,
      36
    ],
    [
      37,
      81
    ],
    [
      82,
      93
    ]
  ],
  "entity/argument_mentions": [],
  "event_mentions": []
}