{
  "text": "Contact\n\nIf you have questions or complaints regarding Navdy's Privacy Policy or practices, please contact Navdy at notice@navdy.com.\nEffective Date: January 30th, 2016.\n\n",
  "words": [
    "Contact",
    "If",
    "you",
    "have",
    "questions",
    "or",
    "complaints",
    "regarding",
    "Navdy",
    "'s",
    "Privacy",
    "Policy",
    "or",
    "practices",
    ",",
    "please",
    "contact",
    "Navdy",
    "at",
    "notice@navdy.com",
    ".",
    "Effective",
    "Date",
    ":",
    "January",
    "30th",
    ",",
    "2016",
    "."
  ],
  "lemma": [
    "contact",
    "if",
    "you",
    "have",
    "question",
    "or",
    "complaint",
    "regard",
    "Navdy",
    "'s",
    "privacy",
    "policy",
    "or",
    "practice",
    ",",
    "please",
    "contact",
    "Navdy",
    "at",
    "notice@navdy.com",
    ".",
    "effective",
    "date",
    ":",
    "January",
    "30th",
    ",",
    "2016",
    "."
  ],
  "pos-tags": [
    "VB",
    "IN",
    "PRP",
    "VBP",
    "NNS",
    "CC",
    "NNS",
    "VBG",
    "NNP",
    "POS",
    "NN",
    "NN",
    "CC",
    "NNS",
    ",",
    "UH",
    "VB",
    "NNP",
    "IN",
    "ADD",
    ".",
    "JJ",
    "NN",
    ":",
    "NNP",
    "NN",
    ",",
    "CD",
    "."
  ],
  "dependency-relation": [
    "root",
    "mark",
    "nsubj",
    "advcl",
    "obj",
    "cc",
    "conj",
    "case",
    "nmod:poss",
    "case",
    "compound",
    "nmod",
    "cc",
    "conj",
    "punct",
    "discourse",
    "root",
    "obj",
    "case",
    "obl",
    "punct",
    "amod",
    "root",
    "punct",
    "compound",
    "appos",
    "punct",
    "appos",
    "punct"
  ],
  "token-ranges": [
    [
      0,
      7
    ],
    [
      9,
      11
    ],
    [
      12,
      15
    ],
    [
      16,
      20
    ],
    [
      21,
      30
    ],
    [
      31,
      33
    ],
    [
      34,
      44
    ],
    [
      45,
      54
    ],
    [
      55,
      60
    ],
    [
      60,
      62
    ],
    [
      63,
      70
    ],
    [
      71,
      77
    ],
    [
      78,
      80
    ],
    [
      81,
      90
    ],
    [
      90,
      91
    ],
    [
      92,
      98
    ],
    [
      99,
      106
    ],
    [
      107,
      112
    ],
    [
      113,
      115
    ],
    [
      116,
      132
    ],
    [
      132,
      133
    ],
    [
      134,
      143
    ],
    [
      144,
      148
    ],
    [
      148,
      149
    ],
    [
      150,
      157
    ],
    [
      158,
      162
    ],
    [
      162,
      163
    ],
    [
      164,
      168
    ],
    [
      168,
      169
    ]
  ],
  "sent-token-ranges": [
    [
      0,
      0
    ],
    [
      1,
      20
    ],
    [
      21,
      28
    ]
  ],
  "entity/argument_mentions": [],
  "event_mentions": []
}