{
  "text": "Do Not Track\n\nYou may be able to adjust your browser settings or other settings so that \"do not track\" requests are sent to the Service's websites. We will not disable tracking technology that may be active on the Service in response to any \"do not track\" requests that are sent to the Service.\n\n",
  "words": [
    "Do",
    "Not",
    "Track",
    "You",
    "may",
    "be",
    "able",
    "to",
    "adjust",
    "your",
    "browser",
    "settings",
    "or",
    "other",
    "settings",
    "so",
    "that",
    "\"",
    "do",
    "not",
    "track",
    "\"",
    "requests",
    "are",
    "sent",
    "to",
    "the",
    "Service",
    "'s",
    "websites",
    ".",
    "We",
    "will",
    "not",
    "disable",
    "tracking",
    "technology",
    "that",
    "may",
    "be",
    "active",
    "on",
    "the",
    "Service",
    "in",
    "response",
    "to",
    "any",
    "\"",
    "do",
    "not",
    "track",
    "\"",
    "requests",
    "that",
    "are",
    "sent",
    "to",
    "the",
    "Service",
    "."
  ],
  "lemma": [
    "do",
    "not",
    "track",
    "you",
    "may",
    "be",
    "able",
    "to",
    "adjust",
    "you",
    "browser",
    "setting",
    "or",
    "other",
    "setting",
    "so",
    "that",
    "\"",
    "do",
    "not",
    "track",
    "\"",
    "request",
    "be",
    "send",
    "to",
    "the",
    "service",
    "'s",
    "website",
    ".",
    "we",
    "will",
    "not",
    "disable",
    "tracke",
    "technology",
    "that",
    "may",
    "be",
    "active",
    "on",
    "the",
    "service",
    "in",
    "response",
    "to",
    "any",
    "\"",
    "do",
    "not",
    "track",
    "\"",
    "request",
    "that",
    "be",
    "send",
    "to",
    "the",
    "service",
    "."
  ],
  "pos-tags": [
    "VB",
    "RB",
    "VB",
    "PRP",
    "MD",
    "VB",
    "JJ",
    "TO",
    "VB",
    "PRP$",
    "NN",
    "NNS",
    "CC",
    "JJ",
    "NNS",
    "IN",
    "IN",
    "``",
    "VBP",
    "RB",
    "VB",
    "``",
    "NNS",
    "VBP",
    "VBN",
    "IN",
    "DT",
    "NN",
    "POS",
    "NNS",
    ".",
    "PRP",
    "MD",
    "RB",
    "VB",
    "VBG",
    "NN",
    "WDT",
    "MD",
    "VB",
    "JJ",
    "IN",
    "DT",
    "NN",
    "IN",
    "NN",
    "IN",
    "DT",
    "``",
    "VBP",
    "RB",
    "VB",
    "``",
    "NNS",
    "WDT",
    "VBP",
    "VBN",
    "IN",
    "DT",
    "NN",
    "."
  ],
  "dependency-relation": [
    "aux",
    "advmod",
    "root",
    "nsubj",
    "aux",
    "cop",
    "root",
    "mark",
    "xcomp",
    "nmod:poss",
    "compound",
    "obj",
    "cc",
    "amod",
    "conj",
    "mark",
    "fixed",
    "punct",
    "aux",
    "advmod",
    "advcl",
    "punct",
    "nsubj:pass",
    "aux:pass",
    "ccomp",
    "case",
    "det",
    "nmod:poss",
    "case",
    "obl",
    "punct",
    "nsubj",
    "aux",
    "advmod",
    "root",
    "amod",
    "obj",
    "nsubj",
    "aux",
    "cop",
    "acl:relcl",
    "case",
    "det",
    "obl",
    "case",
    "obl",
    "case",
    "nmod",
    "punct",
    "aux",
    "advmod",
    "ccomp",
    "punct",
    "obj",
    "nsubj:pass",
    "aux:pass",
    "acl:relcl",
    "case",
    "det",
    "obl",
    "punct"
  ],
  "token-ranges": [
    [
      0,
      2
    ],
    [
      3,
      6
    ],
    [
      7,
      12
    ],
    [
      14,
      17
    ],
    [
      18,
      21
    ],
    [
      22,
      24
    ],
    [
      25,
      29
    ],
    [
      30,
      32
    ],
    [
      33,
      39
    ],
    [
      40,
      44
    ],
    [
      45,
      52
    ],
    [
      53,
      61
    ],
    [
      62,
      64
    ],
    [
      65,
      70
    ],
    [
      71,
      79
    ],
    [
      80,
      82
    ],
    [
      83,
      87
    ],
    [
      88,
      89
    ],
    [
      89,
      91
    ],
    [
      92,
      95
    ],
    [
      96,
      101
    ],
    [
      101,
      102
    ],
    [
      103,
      111
    ],
    [
      112,
      115
    ],
    [
      116,
      120
    ],
    [
      121,
      123
    ],
    [
      124,
      127
    ],
    [
      128,
      135
    ],
    [
      135,
      137
    ],
    [
      138,
      146
    ],
    [
      146,
      147
    ],
    [
      148,
      150
    ],
    [
      151,
      155
    ],
    [
      156,
      159
    ],
    [
      160,
      167
    ],
    [
      168,
      176
    ],
    [
      177,
      187
    ],
    [
      188,
      192
    ],
    [
      193,
      196
    ],
    [
      197,
      199
    ],
    [
      200,
      206
    ],
    [
      207,
      209
    ],
    [
      210,
      213
    ],
    [
      214,
      221
    ],
    [
      222,
      224
    ],
    [
      225,
      233
    ],
    [
      234,
      236
    ],
    [
      237,
      240
    ],
    [
      241,
      242
    ],
    [
      242,
      244
    ],
    [
      245,
      248
    ],
    [
      249,
      254
    ],
    [
      254,
      255
    ],
    [
      256,
      264
    ],
    [
      265,
      269
    ],
    [
      270,
      273
    ],
    [
      274,
      278
    ],
    [
      279,
      281
    ],
    [
      282,
      285
    ],
    [
      286,
      293
    ],
    [
      293,
      294
    ]
  ],
  "sent-token-ranges": [
    [
      0,
      2
    ],
    [
      3,
      30
    ],
    [
      31,
      60
    ]
  ],
  "entity/argument_mentions": [],
  "event_mentions": []
}