{
  "text": "Your Right to Object\n\nYou have the right to object to our use of your information. With many types of data, we\u2019ve provided you with the ability to simply delete it if you don\u2019t want us processing it anymore. For other types of data, we\u2019ve given you the ability to stop the use of your data by disabling the feature altogether. You can do these things in the app. If there are other types of information you don\u2019t agree with us processing, you can contact us .\n\n",
  "words": [
    "Your",
    "Right",
    "to",
    "Object",
    "You",
    "have",
    "the",
    "right",
    "to",
    "object",
    "to",
    "our",
    "use",
    "of",
    "your",
    "information",
    ".",
    "With",
    "many",
    "types",
    "of",
    "data",
    ",",
    "we",
    "\u2019ve",
    "provided",
    "you",
    "with",
    "the",
    "ability",
    "to",
    "simply",
    "delete",
    "it",
    "if",
    "you",
    "do",
    "n\u2019t",
    "want",
    "us",
    "processing",
    "it",
    "anymore",
    ".",
    "For",
    "other",
    "types",
    "of",
    "data",
    ",",
    "we",
    "\u2019ve",
    "given",
    "you",
    "the",
    "ability",
    "to",
    "stop",
    "the",
    "use",
    "of",
    "your",
    "data",
    "by",
    "disabling",
    "the",
    "feature",
    "altogether",
    ".",
    "You",
    "can",
    "do",
    "these",
    "things",
    "in",
    "the",
    "app",
    ".",
    "If",
    "there",
    "are",
    "other",
    "types",
    "of",
    "information",
    "you",
    "do",
    "n\u2019t",
    "agree",
    "with",
    "us",
    "processing",
    ",",
    "you",
    "can",
    "contact",
    "us",
    "."
  ],
  "lemma": [
    "you",
    "right",
    "to",
    "object",
    "you",
    "have",
    "the",
    "right",
    "to",
    "object",
    "to",
    "we",
    "use",
    "of",
    "you",
    "information",
    ".",
    "with",
    "many",
    "type",
    "of",
    "data",
    ",",
    "we",
    "have",
    "provide",
    "you",
    "with",
    "the",
    "ability",
    "to",
    "simply",
    "delete",
    "it",
    "if",
    "you",
    "do",
    "not",
    "want",
    "we",
    "process",
    "it",
    "anymore",
    ".",
    "for",
    "other",
    "type",
    "of",
    "data",
    ",",
    "we",
    "have",
    "give",
    "you",
    "the",
    "ability",
    "to",
    "stop",
    "the",
    "use",
    "of",
    "you",
    "data",
    "by",
    "disabl",
    "the",
    "feature",
    "altogether",
    ".",
    "you",
    "can",
    "do",
    "these",
    "thing",
    "in",
    "the",
    "app",
    ".",
    "if",
    "there",
    "be",
    "other",
    "type",
    "of",
    "information",
    "you",
    "do",
    "not",
    "agree",
    "with",
    "we",
    "processing",
    ",",
    "you",
    "can",
    "contact",
    "we",
    "."
  ],
  "pos-tags": [
    "PRP$",
    "NNP",
    "IN",
    "NNP",
    "PRP",
    "VBP",
    "DT",
    "NN",
    "TO",
    "VB",
    "IN",
    "PRP$",
    "NN",
    "IN",
    "PRP$",
    "NN",
    ".",
    "IN",
    "JJ",
    "NNS",
    "IN",
    "NN",
    ",",
    "PRP",
    "VBP",
    "VBN",
    "PRP",
    "IN",
    "DT",
    "NN",
    "TO",
    "RB",
    "VB",
    "PRP",
    "IN",
    "PRP",
    "VBP",
    "RB",
    "VB",
    "PRP",
    "VBG",
    "PRP",
    "RB",
    ".",
    "IN",
    "JJ",
    "NNS",
    "IN",
    "NN",
    ",",
    "PRP",
    "VBP",
    "VBN",
    "PRP",
    "DT",
    "NN",
    "TO",
    "VB",
    "DT",
    "NN",
    "IN",
    "PRP$",
    "NN",
    "IN",
    "VBG",
    "DT",
    "NN",
    "RB",
    ".",
    "PRP",
    "MD",
    "VB",
    "DT",
    "NNS",
    "IN",
    "DT",
    "NN",
    ".",
    "IN",
    "EX",
    "VBP",
    "JJ",
    "NNS",
    "IN",
    "NN",
    "PRP",
    "VBP",
    "RB",
    "VB",
    "IN",
    "PRP",
    "NN",
    ",",
    "PRP",
    "MD",
    "VB",
    "PRP",
    "."
  ],
  "dependency-relation": [
    "nmod:poss",
    "root",
    "case",
    "nmod",
    "nsubj",
    "root",
    "det",
    "obj",
    "mark",
    "acl",
    "case",
    "nmod:poss",
    "obl",
    "case",
    "nmod:poss",
    "nmod",
    "punct",
    "case",
    "amod",
    "obl",
    "case",
    "nmod",
    "punct",
    "nsubj",
    "aux",
    "root",
    "obj",
    "case",
    "det",
    "obl",
    "mark",
    "advmod",
    "acl",
    "obj",
    "mark",
    "nsubj",
    "aux",
    "advmod",
    "advcl",
    "obj",
    "xcomp",
    "obj",
    "advmod",
    "punct",
    "case",
    "amod",
    "obl",
    "case",
    "nmod",
    "punct",
    "nsubj",
    "aux",
    "root",
    "iobj",
    "det",
    "obj",
    "mark",
    "acl",
    "det",
    "obj",
    "case",
    "nmod:poss",
    "nmod",
    "mark",
    "advcl",
    "det",
    "obj",
    "advmod",
    "punct",
    "nsubj",
    "aux",
    "root",
    "det",
    "obj",
    "case",
    "det",
    "obl",
    "punct",
    "mark",
    "expl",
    "advcl",
    "amod",
    "nsubj",
    "case",
    "nmod",
    "nsubj",
    "aux",
    "advmod",
    "root",
    "case",
    "nmod:poss",
    "obl",
    "punct",
    "nsubj",
    "aux",
    "parataxis",
    "obj",
    "punct"
  ],
  "token-ranges": [
    [
      0,
      4
    ],
    [
      5,
      10
    ],
    [
      11,
      13
    ],
    [
      14,
      20
    ],
    [
      22,
      25
    ],
    [
      26,
      30
    ],
    [
      31,
      34
    ],
    [
      35,
      40
    ],
    [
      41,
      43
    ],
    [
      44,
      50
    ],
    [
      51,
      53
    ],
    [
      54,
      57
    ],
    [
      58,
      61
    ],
    [
      62,
      64
    ],
    [
      65,
      69
    ],
    [
      70,
      81
    ],
    [
      81,
      82
    ],
    [
      83,
      87
    ],
    [
      88,
      92
    ],
    [
      93,
      98
    ],
    [
      99,
      101
    ],
    [
      102,
      106
    ],
    [
      106,
      107
    ],
    [
      108,
      110
    ],
    [
      110,
      113
    ],
    [
      114,
      122
    ],
    [
      123,
      126
    ],
    [
      127,
      131
    ],
    [
      132,
      135
    ],
    [
      136,
      143
    ],
    [
      144,
      146
    ],
    [
      147,
      153
    ],
    [
      154,
      160
    ],
    [
      161,
      163
    ],
    [
      164,
      166
    ],
    [
      167,
      170
    ],
    [
      171,
      173
    ],
    [
      173,
      176
    ],
    [
      177,
      181
    ],
    [
      182,
      184
    ],
    [
      185,
      195
    ],
    [
      196,
      198
    ],
    [
      199,
      206
    ],
    [
      206,
      207
    ],
    [
      208,
      211
    ],
    [
      212,
      217
    ],
    [
      218,
      223
    ],
    [
      224,
      226
    ],
    [
      227,
      231
    ],
    [
      231,
      232
    ],
    [
      233,
      235
    ],
    [
      235,
      238
    ],
    [
      239,
      244
    ],
    [
      245,
      248
    ],
    [
      249,
      252
    ],
    [
      253,
      260
    ],
    [
      261,
      263
    ],
    [
      264,
      268
    ],
    [
      269,
      272
    ],
    [
      273,
      276
    ],
    [
      277,
      279
    ],
    [
      280,
      284
    ],
    [
      285,
      289
    ],
    [
      290,
      292
    ],
    [
      293,
      302
    ],
    [
      303,
      306
    ],
    [
      307,
      314
    ],
    [
      315,
      325
    ],
    [
      325,
      326
    ],
    [
      327,
      330
    ],
    [
      331,
      334
    ],
    [
      335,
      337
    ],
    [
      338,
      343
    ],
    [
      344,
      350
    ],
    [
      351,
      353
    ],
    [
      354,
      357
    ],
    [
      358,
      361
    ],
    [
      361,
      362
    ],
    [
      363,
      365
    ],
    [
      366,
      371
    ],
    [
      372,
      375
    ],
    [
      376,
      381
    ],
    [
      382,
      387
    ],
    [
      388,
      390
    ],
    [
      391,
      402
    ],
    [
      403,
      406
    ],
    [
      407,
      409
    ],
    [
      409,
      412
    ],
    [
      413,
      418
    ],
    [
      419,
      423
    ],
    [
      424,
      426
    ],
    [
      427,
      437
    ],
    [
      437,
      438
    ],
    [
      439,
      442
    ],
    [
      443,
      446
    ],
    [
      447,
      454
    ],
    [
      455,
      457
    ],
    [
      458,
      459
    ]
  ],
  "sent-token-ranges": [
    [
      0,
      3
    ],
    [
      4,
      16
    ],
    [
      17,
      43
    ],
    [
      44,
      68
    ],
    [
      69,
      77
    ],
    [
      78,
      97
    ]
  ],
  "entity/argument_mentions": [],
  "event_mentions": []
}