{
  "text": "Revisions to the Privacy Policy\n\nWe may change this Privacy Policy from time to time. But when we do, we\u2019ll let you know one way or another. Sometimes, we\u2019ll let you know by revising the date at the top of the Privacy Policy that\u2019s available on our website and mobile application. Other times, we may provide you with additional notice (such as adding a statement to our websites\u2019 homepages or providing you with an in-app notification).\n\n",
  "words": [
    "Revisions",
    "to",
    "the",
    "Privacy",
    "Policy",
    "We",
    "may",
    "change",
    "this",
    "Privacy",
    "Policy",
    "from",
    "time",
    "to",
    "time",
    ".",
    "But",
    "when",
    "we",
    "do",
    ",",
    "we",
    "\u2019ll",
    "let",
    "you",
    "know",
    "one",
    "way",
    "or",
    "another",
    ".",
    "Sometimes",
    ",",
    "we",
    "\u2019ll",
    "let",
    "you",
    "know",
    "by",
    "revising",
    "the",
    "date",
    "at",
    "the",
    "top",
    "of",
    "the",
    "Privacy",
    "Policy",
    "that",
    "\u2019s",
    "available",
    "on",
    "our",
    "website",
    "and",
    "mobile",
    "application",
    ".",
    "Other",
    "times",
    ",",
    "we",
    "may",
    "provide",
    "you",
    "with",
    "additional",
    "notice",
    "(",
    "such",
    "as",
    "adding",
    "a",
    "statement",
    "to",
    "our",
    "websites",
    "\u2019",
    "homepages",
    "or",
    "providing",
    "you",
    "with",
    "an",
    "in",
    "-",
    "app",
    "notification",
    ")",
    "."
  ],
  "lemma": [
    "revision",
    "to",
    "the",
    "privacy",
    "policy",
    "we",
    "may",
    "change",
    "this",
    "privacy",
    "policy",
    "from",
    "time",
    "to",
    "time",
    ".",
    "but",
    "when",
    "we",
    "do",
    ",",
    "we",
    "\u2019ll",
    "let",
    "you",
    "know",
    "one",
    "way",
    "or",
    "another",
    ".",
    "sometimes",
    ",",
    "we",
    "\u2019ll",
    "let",
    "you",
    "know",
    "by",
    "revise",
    "the",
    "date",
    "at",
    "the",
    "top",
    "of",
    "the",
    "privacy",
    "policy",
    "that",
    "be",
    "available",
    "on",
    "we",
    "website",
    "and",
    "mobile",
    "application",
    ".",
    "other",
    "time",
    ",",
    "we",
    "may",
    "provide",
    "you",
    "with",
    "additional",
    "notice",
    "(",
    "such",
    "as",
    "add",
    "a",
    "statement",
    "to",
    "we",
    "website",
    "'s",
    "homepage",
    "or",
    "provide",
    "you",
    "with",
    "a",
    "in",
    "-",
    "app",
    "notification",
    ")",
    "."
  ],
  "pos-tags": [
    "NNS",
    "IN",
    "DT",
    "NN",
    "NN",
    "PRP",
    "MD",
    "VB",
    "DT",
    "NN",
    "NN",
    "IN",
    "NN",
    "IN",
    "NN",
    ".",
    "CC",
    "WRB",
    "PRP",
    "VBP",
    ",",
    "PRP",
    "MD",
    "VB",
    "PRP",
    "VB",
    "CD",
    "NN",
    "CC",
    "DT",
    ".",
    "RB",
    ",",
    "PRP",
    "MD",
    "VB",
    "PRP",
    "VB",
    "IN",
    "VBG",
    "DT",
    "NN",
    "IN",
    "DT",
    "NN",
    "IN",
    "DT",
    "NN",
    "NN",
    "WDT",
    "VBZ",
    "JJ",
    "IN",
    "PRP$",
    "NN",
    "CC",
    "JJ",
    "NN",
    ".",
    "JJ",
    "NNS",
    ",",
    "PRP",
    "MD",
    "VB",
    "PRP",
    "IN",
    "JJ",
    "NN",
    "-LRB-",
    "JJ",
    "IN",
    "VBG",
    "DT",
    "NN",
    "IN",
    "PRP$",
    "NNS",
    "POS",
    "NNS",
    "CC",
    "VBG",
    "PRP",
    "IN",
    "DT",
    "IN",
    "HYPH",
    "NN",
    "NN",
    "-RRB-",
    "."
  ],
  "dependency-relation": [
    "root",
    "case",
    "det",
    "compound",
    "nmod",
    "nsubj",
    "aux",
    "root",
    "det",
    "compound",
    "obj",
    "case",
    "obl",
    "case",
    "obl",
    "punct",
    "cc",
    "mark",
    "nsubj",
    "advcl",
    "punct",
    "nsubj",
    "aux",
    "root",
    "obj",
    "xcomp",
    "nummod",
    "obj",
    "cc",
    "conj",
    "punct",
    "advmod",
    "punct",
    "nsubj",
    "aux",
    "root",
    "obj",
    "xcomp",
    "mark",
    "advcl",
    "det",
    "obj",
    "case",
    "det",
    "nmod",
    "case",
    "det",
    "compound",
    "nmod",
    "nsubj",
    "cop",
    "acl:relcl",
    "case",
    "nmod:poss",
    "obl",
    "cc",
    "amod",
    "conj",
    "punct",
    "amod",
    "root",
    "punct",
    "nsubj",
    "aux",
    "parataxis",
    "obj",
    "case",
    "amod",
    "obl",
    "punct",
    "mark",
    "fixed",
    "acl",
    "det",
    "obj",
    "case",
    "nmod:poss",
    "nmod:poss",
    "case",
    "nmod",
    "cc",
    "conj",
    "obj",
    "case",
    "det",
    "case",
    "punct",
    "compound",
    "obl",
    "punct",
    "punct"
  ],
  "token-ranges": [
    [
      0,
      9
    ],
    [
      10,
      12
    ],
    [
      13,
      16
    ],
    [
      17,
      24
    ],
    [
      25,
      31
    ],
    [
      33,
      35
    ],
    [
      36,
      39
    ],
    [
      40,
      46
    ],
    [
      47,
      51
    ],
    [
      52,
      59
    ],
    [
      60,
      66
    ],
    [
      67,
      71
    ],
    [
      72,
      76
    ],
    [
      77,
      79
    ],
    [
      80,
      84
    ],
    [
      84,
      85
    ],
    [
      86,
      89
    ],
    [
      90,
      94
    ],
    [
      95,
      97
    ],
    [
      98,
      100
    ],
    [
      100,
      101
    ],
    [
      102,
      104
    ],
    [
      104,
      107
    ],
    [
      108,
      111
    ],
    [
      112,
      115
    ],
    [
      116,
      120
    ],
    [
      121,
      124
    ],
    [
      125,
      128
    ],
    [
      129,
      131
    ],
    [
      132,
      139
    ],
    [
      139,
      140
    ],
    [
      141,
      150
    ],
    [
      150,
      151
    ],
    [
      152,
      154
    ],
    [
      154,
      157
    ],
    [
      158,
      161
    ],
    [
      162,
      165
    ],
    [
      166,
      170
    ],
    [
      171,
      173
    ],
    [
      174,
      182
    ],
    [
      183,
      186
    ],
    [
      187,
      191
    ],
    [
      192,
      194
    ],
    [
      195,
      198
    ],
    [
      199,
      202
    ],
    [
      203,
      205
    ],
    [
      206,
      209
    ],
    [
      210,
      217
    ],
    [
      218,
      224
    ],
    [
      225,
      229
    ],
    [
      229,
      231
    ],
    [
      232,
      241
    ],
    [
      242,
      244
    ],
    [
      245,
      248
    ],
    [
      249,
      256
    ],
    [
      257,
      260
    ],
    [
      261,
      267
    ],
    [
      268,
      279
    ],
    [
      279,
      280
    ],
    [
      281,
      286
    ],
    [
      287,
      292
    ],
    [
      292,
      293
    ],
    [
      294,
      296
    ],
    [
      297,
      300
    ],
    [
      301,
      308
    ],
    [
      309,
      312
    ],
    [
      313,
      317
    ],
    [
      318,
      328
    ],
    [
      329,
      335
    ],
    [
      336,
      337
    ],
    [
      337,
      341
    ],
    [
      342,
      344
    ],
    [
      345,
      351
    ],
    [
      352,
      353
    ],
    [
      354,
      363
    ],
    [
      364,
      366
    ],
    [
      367,
      370
    ],
    [
      371,
      379
    ],
    [
      379,
      380
    ],
    [
      381,
      390
    ],
    [
      391,
      393
    ],
    [
      394,
      403
    ],
    [
      404,
      407
    ],
    [
      408,
      412
    ],
    [
      413,
      415
    ],
    [
      416,
      418
    ],
    [
      418,
      419
    ],
    [
      419,
      422
    ],
    [
      423,
      435
    ],
    [
      435,
      436
    ],
    [
      436,
      437
    ]
  ],
  "sent-token-ranges": [
    [
      0,
      4
    ],
    [
      5,
      15
    ],
    [
      16,
      30
    ],
    [
      31,
      58
    ],
    [
      59,
      90
    ]
  ],
  "entity/argument_mentions": [],
  "event_mentions": []
}