{
  "text": "Users in the European Union\n\nIf you\u2019re a user in the European Union, you should know that Snap Inc. is the controller of your personal information. Here is some additional information we would like to bring to your attention:\n\n",
  "words": [
    "Users",
    "in",
    "the",
    "European",
    "Union",
    "If",
    "you",
    "\u2019re",
    "a",
    "user",
    "in",
    "the",
    "European",
    "Union",
    ",",
    "you",
    "should",
    "know",
    "that",
    "Snap",
    "Inc.",
    "is",
    "the",
    "controller",
    "of",
    "your",
    "personal",
    "information",
    ".",
    "Here",
    "is",
    "some",
    "additional",
    "information",
    "we",
    "would",
    "like",
    "to",
    "bring",
    "to",
    "your",
    "attention",
    ":"
  ],
  "lemma": [
    "user",
    "in",
    "the",
    "european",
    "Union",
    "if",
    "you",
    "\u2019re",
    "a",
    "user",
    "in",
    "the",
    "european",
    "Union",
    ",",
    "you",
    "should",
    "know",
    "that",
    "snap",
    "Inc.",
    "be",
    "the",
    "controller",
    "of",
    "you",
    "personal",
    "information",
    ".",
    "here",
    "be",
    "some",
    "additional",
    "information",
    "we",
    "would",
    "like",
    "to",
    "bring",
    "to",
    "you",
    "attention",
    ":"
  ],
  "pos-tags": [
    "NNS",
    "IN",
    "DT",
    "NNP",
    "NNP",
    "IN",
    "PRP",
    "VBP",
    "DT",
    "NN",
    "IN",
    "DT",
    "NNP",
    "NN",
    ",",
    "PRP",
    "MD",
    "VB",
    "IN",
    "NNP",
    "NNP",
    "VBZ",
    "DT",
    "NN",
    "IN",
    "PRP$",
    "JJ",
    "NN",
    ".",
    "RB",
    "VBZ",
    "DT",
    "JJ",
    "NN",
    "PRP",
    "MD",
    "VB",
    "TO",
    "VB",
    "IN",
    "PRP$",
    "NN",
    ":"
  ],
  "dependency-relation": [
    "root",
    "case",
    "det",
    "compound",
    "nmod",
    "mark",
    "nsubj",
    "advcl",
    "det",
    "obj",
    "case",
    "det",
    "compound",
    "obl",
    "punct",
    "nsubj",
    "aux",
    "root",
    "mark",
    "compound",
    "nsubj",
    "cop",
    "det",
    "ccomp",
    "case",
    "nmod:poss",
    "amod",
    "nmod",
    "punct",
    "root",
    "cop",
    "det",
    "amod",
    "nsubj",
    "nsubj",
    "aux",
    "acl:relcl",
    "mark",
    "xcomp",
    "case",
    "nmod:poss",
    "obl",
    "punct"
  ],
  "token-ranges": [
    [
      0,
      5
    ],
    [
      6,
      8
    ],
    [
      9,
      12
    ],
    [
      13,
      21
    ],
    [
      22,
      27
    ],
    [
      29,
      31
    ],
    [
      32,
      35
    ],
    [
      35,
      38
    ],
    [
      39,
      40
    ],
    [
      41,
      45
    ],
    [
      46,
      48
    ],
    [
      49,
      52
    ],
    [
      53,
      61
    ],
    [
      62,
      67
    ],
    [
      67,
      68
    ],
    [
      69,
      72
    ],
    [
      73,
      79
    ],
    [
      80,
      84
    ],
    [
      85,
      89
    ],
    [
      90,
      94
    ],
    [
      95,
      99
    ],
    [
      100,
      102
    ],
    [
      103,
      106
    ],
    [
      107,
      117
    ],
    [
      118,
      120
    ],
    [
      121,
      125
    ],
    [
      126,
      134
    ],
    [
      135,
      146
    ],
    [
      146,
      147
    ],
    [
      148,
      152
    ],
    [
      153,
      155
    ],
    [
      156,
      160
    ],
    [
      161,
      171
    ],
    [
      172,
      183
    ],
    [
      184,
      186
    ],
    [
      187,
      192
    ],
    [
      193,
      197
    ],
    [
      198,
      200
    ],
    [
      201,
      206
    ],
    [
      207,
      209
    ],
    [
      210,
      214
    ],
    [
      215,
      224
    ],
    [
      224,
      225
    ]
  ],
  "sent-token-ranges": [
    [
      0,
      4
    ],
    [
      5,
      28
    ],
    [
      29,
      42
    ]
  ],
  "entity/argument_mentions": [],
  "event_mentions": []
}