{
  "text": "Rights of Access, Deletion, Correction, and Portability\n\nYou can exercise your rights of access, deletion, correction, and portability as described in the Control Over Your Information section above.\n\n",
  "words": [
    "Rights",
    "of",
    "Access",
    ",",
    "Deletion",
    ",",
    "Correction",
    ",",
    "and",
    "Portability",
    "You",
    "can",
    "exercise",
    "your",
    "rights",
    "of",
    "access",
    ",",
    "deletion",
    ",",
    "correction",
    ",",
    "and",
    "portability",
    "as",
    "described",
    "in",
    "the",
    "Control",
    "Over",
    "Your",
    "Information",
    "section",
    "above",
    "."
  ],
  "lemma": [
    "right",
    "of",
    "access",
    ",",
    "Deletion",
    ",",
    "correction",
    ",",
    "and",
    "Portability",
    "you",
    "can",
    "exercise",
    "you",
    "right",
    "of",
    "access",
    ",",
    "deletion",
    ",",
    "correction",
    ",",
    "and",
    "portability",
    "as",
    "describe",
    "in",
    "the",
    "control",
    "over",
    "you",
    "Information",
    "section",
    "above",
    "."
  ],
  "pos-tags": [
    "NNS",
    "IN",
    "NN",
    ",",
    "NN",
    ",",
    "NN",
    ",",
    "CC",
    "NN",
    "PRP",
    "MD",
    "VB",
    "PRP$",
    "NNS",
    "IN",
    "NN",
    ",",
    "NN",
    ",",
    "NN",
    ",",
    "CC",
    "NN",
    "IN",
    "VBN",
    "IN",
    "DT",
    "NNP",
    "IN",
    "PRP$",
    "NN",
    "NN",
    "RB",
    "."
  ],
  "dependency-relation": [
    "root",
    "case",
    "nmod",
    "punct",
    "conj",
    "punct",
    "conj",
    "punct",
    "cc",
    "conj",
    "nsubj",
    "aux",
    "root",
    "nmod:poss",
    "obj",
    "case",
    "nmod",
    "punct",
    "conj",
    "punct",
    "conj",
    "punct",
    "cc",
    "conj",
    "mark",
    "advcl",
    "case",
    "det",
    "obl",
    "case",
    "nmod:poss",
    "compound",
    "nmod",
    "advmod",
    "punct"
  ],
  "token-ranges": [
    [
      0,
      6
    ],
    [
      7,
      9
    ],
    [
      10,
      16
    ],
    [
      16,
      17
    ],
    [
      18,
      26
    ],
    [
      26,
      27
    ],
    [
      28,
      38
    ],
    [
      38,
      39
    ],
    [
      40,
      43
    ],
    [
      44,
      55
    ],
    [
      57,
      60
    ],
    [
      61,
      64
    ],
    [
      65,
      73
    ],
    [
      74,
      78
    ],
    [
      79,
      85
    ],
    [
      86,
      88
    ],
    [
      89,
      95
    ],
    [
      95,
      96
    ],
    [
      97,
      105
    ],
    [
      105,
      106
    ],
    [
      107,
      117
    ],
    [
      117,
      118
    ],
    [
      119,
      122
    ],
    [
      123,
      134
    ],
    [
      135,
      137
    ],
    [
      138,
      147
    ],
    [
      148,
      150
    ],
    [
      151,
      154
    ],
    [
      155,
      162
    ],
    [
      163,
      167
    ],
    [
      168,
      172
    ],
    [
      173,
      184
    ],
    [
      185,
      192
    ],
    [
      193,
      198
    ],
    [
      198,
      199
    ]
  ],
  "sent-token-ranges": [
    [
      0,
      9
    ],
    [
      10,
      34
    ]
  ],
  "entity/argument_mentions": [],
  "event_mentions": []
}