{
  "text": "This Privacy Notice, which was formerly referred to by us as a Privacy Policy, was last modified on May 16, 2019. Your continued use of our products and services will be subject to the practices set forth herein.\n\n",
  "words": [
    "This",
    "Privacy",
    "Notice",
    ",",
    "which",
    "was",
    "formerly",
    "referred",
    "to",
    "by",
    "us",
    "as",
    "a",
    "Privacy",
    "Policy",
    ",",
    "was",
    "last",
    "modified",
    "on",
    "May",
    "16",
    ",",
    "2019",
    ".",
    "Your",
    "continued",
    "use",
    "of",
    "our",
    "products",
    "and",
    "services",
    "will",
    "be",
    "subject",
    "to",
    "the",
    "practices",
    "set",
    "forth",
    "herein",
    "."
  ],
  "lemma": [
    "this",
    "privacy",
    "notice",
    ",",
    "which",
    "be",
    "formerly",
    "refer",
    "to",
    "by",
    "we",
    "as",
    "a",
    "privacy",
    "policy",
    ",",
    "be",
    "last",
    "modify",
    "on",
    "May",
    "16",
    ",",
    "2019",
    ".",
    "you",
    "continue",
    "use",
    "of",
    "we",
    "product",
    "and",
    "service",
    "will",
    "be",
    "subject",
    "to",
    "the",
    "practice",
    "set",
    "forth",
    "herein",
    "."
  ],
  "pos-tags": [
    "DT",
    "NN",
    "NN",
    ",",
    "WDT",
    "VBD",
    "RB",
    "VBN",
    "IN",
    "IN",
    "PRP",
    "IN",
    "DT",
    "NN",
    "NN",
    ",",
    "VBD",
    "JJ",
    "VBN",
    "IN",
    "NNP",
    "CD",
    ",",
    "CD",
    ".",
    "PRP$",
    "VBD",
    "NN",
    "IN",
    "PRP$",
    "NNS",
    "CC",
    "NNS",
    "MD",
    "VB",
    "JJ",
    "IN",
    "DT",
    "NNS",
    "VBN",
    "RB",
    "RB",
    "."
  ],
  "dependency-relation": [
    "det",
    "compound",
    "nsubj",
    "punct",
    "nsubj:pass",
    "aux:pass",
    "advmod",
    "acl:relcl",
    "obl",
    "case",
    "obl",
    "case",
    "det",
    "compound",
    "obl",
    "punct",
    "cop",
    "root",
    "acl",
    "case",
    "obl",
    "nummod",
    "punct",
    "nummod",
    "punct",
    "nsubj",
    "csubj",
    "obj",
    "case",
    "nmod:poss",
    "nmod",
    "cc",
    "conj",
    "aux",
    "cop",
    "root",
    "case",
    "det",
    "obl",
    "acl",
    "advmod",
    "advmod",
    "punct"
  ],
  "token-ranges": [
    [
      0,
      4
    ],
    [
      5,
      12
    ],
    [
      13,
      19
    ],
    [
      19,
      20
    ],
    [
      21,
      26
    ],
    [
      27,
      30
    ],
    [
      31,
      39
    ],
    [
      40,
      48
    ],
    [
      49,
      51
    ],
    [
      52,
      54
    ],
    [
      55,
      57
    ],
    [
      58,
      60
    ],
    [
      61,
      62
    ],
    [
      63,
      70
    ],
    [
      71,
      77
    ],
    [
      77,
      78
    ],
    [
      79,
      82
    ],
    [
      83,
      87
    ],
    [
      88,
      96
    ],
    [
      97,
      99
    ],
    [
      100,
      103
    ],
    [
      104,
      106
    ],
    [
      106,
      107
    ],
    [
      108,
      112
    ],
    [
      112,
      113
    ],
    [
      114,
      118
    ],
    [
      119,
      128
    ],
    [
      129,
      132
    ],
    [
      133,
      135
    ],
    [
      136,
      139
    ],
    [
      140,
      148
    ],
    [
      149,
      152
    ],
    [
      153,
      161
    ],
    [
      162,
      166
    ],
    [
      167,
      169
    ],
    [
      170,
      177
    ],
    [
      178,
      180
    ],
    [
      181,
      184
    ],
    [
      185,
      194
    ],
    [
      195,
      198
    ],
    [
      199,
      204
    ],
    [
      205,
      211
    ],
    [
      211,
      212
    ]
  ],
  "sent-token-ranges": [
    [
      0,
      24
    ],
    [
      25,
      42
    ]
  ],
  "entity/argument_mentions": [],
  "event_mentions": []
}