{
  "text": "Table of Contents\n\n\n",
  "words": [
    "Table",
    "of",
    "Contents"
  ],
  "lemma": [
    "Table",
    "of",
    "contents"
  ],
  "pos-tags": [
    "NN",
    "IN",
    "NNS"
  ],
  "dependency-relation": [
    "root",
    "case",
    "nmod"
  ],
  "token-ranges": [
    [
      0,
      5
    ],
    [
      6,
      8
    ],
    [
      9,
      17
    ]
  ],
  "sent-token-ranges": [
    [
      0,
      2
    ]
  ],
  "entity/argument_mentions": [],
  "event_mentions": []
}