{
  "text": "Choice/Opt-out\n\n\n",
  "words": [
    "Choice",
    "/",
    "Opt",
    "-out"
  ],
  "lemma": [
    "choice",
    "/",
    "opt",
    "-out"
  ],
  "pos-tags": [
    "NNP",
    ",",
    "NNP",
    "NN"
  ],
  "dependency-relation": [
    "compound",
    "cc",
    "conj",
    "root"
  ],
  "token-ranges": [
    [
      0,
      6
    ],
    [
      6,
      7
    ],
    [
      7,
      10
    ],
    [
      10,
      14
    ]
  ],
  "sent-token-ranges": [
    [
      0,
      3
    ]
  ],
  "entity/argument_mentions": [],
  "event_mentions": []
}