{
  "text": "Marketing Communications from Us\n\n\n",
  "words": [
    "Marketing",
    "Communications",
    "from",
    "Us"
  ],
  "lemma": [
    "Marketing",
    "Communications",
    "from",
    "Us"
  ],
  "pos-tags": [
    "NNP",
    "NNPS",
    "IN",
    "PRP"
  ],
  "dependency-relation": [
    "compound",
    "root",
    "case",
    "nmod"
  ],
  "token-ranges": [
    [
      0,
      9
    ],
    [
      10,
      24
    ],
    [
      25,
      29
    ],
    [
      30,
      32
    ]
  ],
  "sent-token-ranges": [
    [
      0,
      3
    ]
  ],
  "entity/argument_mentions": [],
  "event_mentions": []
}