{
  "text": "Phone\n\nIf you do not want to receive marketing calls by phone, you may contact customer support at the brand from which you purchased your Services and indicate your preference to us. Contact information for specific brands can be found on the homepage of each brand.\nNote that we may use automated dialing technology to place marketing calls. In the event we do use such technology for marketing calls, we will do so with your consent as required to comply with applicable law. You do not need to agree to receive automated marketing phone calls or texts from us in order to use the Services.\n\n",
  "words": [
    "Phone",
    "If",
    "you",
    "do",
    "not",
    "want",
    "to",
    "receive",
    "marketing",
    "calls",
    "by",
    "phone",
    ",",
    "you",
    "may",
    "contact",
    "customer",
    "support",
    "at",
    "the",
    "brand",
    "from",
    "which",
    "you",
    "purchased",
    "your",
    "Services",
    "and",
    "indicate",
    "your",
    "preference",
    "to",
    "us",
    ".",
    "Contact",
    "information",
    "for",
    "specific",
    "brands",
    "can",
    "be",
    "found",
    "on",
    "the",
    "homepage",
    "of",
    "each",
    "brand",
    ".",
    "Note",
    "that",
    "we",
    "may",
    "use",
    "automated",
    "dialing",
    "technology",
    "to",
    "place",
    "marketing",
    "calls",
    ".",
    "In",
    "the",
    "event",
    "we",
    "do",
    "use",
    "such",
    "technology",
    "for",
    "marketing",
    "calls",
    ",",
    "we",
    "will",
    "do",
    "so",
    "with",
    "your",
    "consent",
    "as",
    "required",
    "to",
    "comply",
    "with",
    "applicable",
    "law",
    ".",
    "You",
    "do",
    "not",
    "need",
    "to",
    "agree",
    "to",
    "receive",
    "automated",
    "marketing",
    "phone",
    "calls",
    "or",
    "texts",
    "from",
    "us",
    "in",
    "order",
    "to",
    "use",
    "the",
    "Services",
    "."
  ],
  "lemma": [
    "phone",
    "if",
    "you",
    "do",
    "not",
    "want",
    "to",
    "receive",
    "marketing",
    "call",
    "by",
    "phone",
    ",",
    "you",
    "may",
    "contact",
    "customer",
    "support",
    "at",
    "the",
    "brand",
    "from",
    "which",
    "you",
    "purchase",
    "you",
    "service",
    "and",
    "indicate",
    "you",
    "preference",
    "to",
    "we",
    ".",
    "contact",
    "information",
    "for",
    "specific",
    "brand",
    "can",
    "be",
    "find",
    "on",
    "the",
    "homepage",
    "of",
    "each",
    "brand",
    ".",
    "note",
    "that",
    "we",
    "may",
    "use",
    "automate",
    "dial",
    "technology",
    "to",
    "place",
    "markete",
    "call",
    ".",
    "in",
    "the",
    "event",
    "we",
    "do",
    "use",
    "such",
    "technology",
    "for",
    "marketing",
    "call",
    ",",
    "we",
    "will",
    "do",
    "so",
    "with",
    "you",
    "consent",
    "as",
    "require",
    "to",
    "comply",
    "with",
    "applicable",
    "law",
    ".",
    "you",
    "do",
    "not",
    "need",
    "to",
    "agree",
    "to",
    "receive",
    "automate",
    "marketing",
    "phone",
    "call",
    "or",
    "text",
    "from",
    "we",
    "in",
    "order",
    "to",
    "use",
    "the",
    "service",
    "."
  ],
  "pos-tags": [
    "NN",
    "IN",
    "PRP",
    "VBP",
    "RB",
    "VB",
    "TO",
    "VB",
    "NN",
    "NNS",
    "IN",
    "NN",
    ",",
    "PRP",
    "MD",
    "VB",
    "NN",
    "NN",
    "IN",
    "DT",
    "NN",
    "IN",
    "WDT",
    "PRP",
    "VBD",
    "PRP$",
    "NNS",
    "CC",
    "VB",
    "PRP$",
    "NN",
    "IN",
    "PRP",
    ".",
    "VB",
    "NN",
    "IN",
    "JJ",
    "NNS",
    "MD",
    "VB",
    "VBN",
    "IN",
    "DT",
    "NN",
    "IN",
    "DT",
    "NN",
    ".",
    "VB",
    "IN",
    "PRP",
    "MD",
    "VB",
    "JJ",
    "NN",
    "NN",
    "TO",
    "VB",
    "NN",
    "NNS",
    ".",
    "IN",
    "DT",
    "NN",
    "PRP",
    "VBP",
    "VB",
    "JJ",
    "NN",
    "IN",
    "NN",
    "NNS",
    ",",
    "PRP",
    "MD",
    "VB",
    "RB",
    "IN",
    "PRP$",
    "NN",
    "IN",
    "VBN",
    "TO",
    "VB",
    "IN",
    "JJ",
    "NN",
    ".",
    "PRP",
    "VBP",
    "RB",
    "VB",
    "TO",
    "VB",
    "TO",
    "VB",
    "JJ",
    "NN",
    "NN",
    "NNS",
    "CC",
    "NNS",
    "IN",
    "PRP",
    "IN",
    "NN",
    "TO",
    "VB",
    "DT",
    "NNS",
    "."
  ],
  "dependency-relation": [
    "root",
    "mark",
    "nsubj",
    "aux",
    "advmod",
    "advcl",
    "mark",
    "xcomp",
    "compound",
    "obj",
    "case",
    "obl",
    "punct",
    "nsubj",
    "aux",
    "root",
    "compound",
    "obj",
    "case",
    "det",
    "obl",
    "case",
    "obl",
    "nsubj",
    "acl:relcl",
    "nmod:poss",
    "obj",
    "cc",
    "conj",
    "nmod:poss",
    "obj",
    "case",
    "obl",
    "punct",
    "root",
    "obj",
    "case",
    "amod",
    "nmod",
    "aux",
    "aux:pass",
    "xcomp",
    "case",
    "det",
    "obl",
    "case",
    "det",
    "nmod",
    "punct",
    "root",
    "mark",
    "nsubj",
    "aux",
    "ccomp",
    "amod",
    "compound",
    "obj",
    "mark",
    "acl",
    "compound",
    "obj",
    "punct",
    "case",
    "det",
    "obl",
    "nsubj",
    "aux",
    "root",
    "amod",
    "obj",
    "case",
    "compound",
    "obl",
    "punct",
    "nsubj",
    "aux",
    "parataxis",
    "advmod",
    "case",
    "nmod:poss",
    "obl",
    "mark",
    "advcl",
    "mark",
    "xcomp",
    "case",
    "amod",
    "obl",
    "punct",
    "nsubj",
    "aux",
    "advmod",
    "root",
    "mark",
    "xcomp",
    "mark",
    "xcomp",
    "amod",
    "compound",
    "compound",
    "obj",
    "cc",
    "conj",
    "case",
    "obl",
    "mark",
    "fixed",
    "mark",
    "advcl",
    "det",
    "obj",
    "punct"
  ],
  "token-ranges": [
    [
      0,
      5
    ],
    [
      7,
      9
    ],
    [
      10,
      13
    ],
    [
      14,
      16
    ],
    [
      17,
      20
    ],
    [
      21,
      25
    ],
    [
      26,
      28
    ],
    [
      29,
      36
    ],
    [
      37,
      46
    ],
    [
      47,
      52
    ],
    [
      53,
      55
    ],
    [
      56,
      61
    ],
    [
      61,
      62
    ],
    [
      63,
      66
    ],
    [
      67,
      70
    ],
    [
      71,
      78
    ],
    [
      79,
      87
    ],
    [
      88,
      95
    ],
    [
      96,
      98
    ],
    [
      99,
      102
    ],
    [
      103,
      108
    ],
    [
      109,
      113
    ],
    [
      114,
      119
    ],
    [
      120,
      123
    ],
    [
      124,
      133
    ],
    [
      134,
      138
    ],
    [
      139,
      147
    ],
    [
      148,
      151
    ],
    [
      152,
      160
    ],
    [
      161,
      165
    ],
    [
      166,
      176
    ],
    [
      177,
      179
    ],
    [
      180,
      182
    ],
    [
      182,
      183
    ],
    [
      184,
      191
    ],
    [
      192,
      203
    ],
    [
      204,
      207
    ],
    [
      208,
      216
    ],
    [
      217,
      223
    ],
    [
      224,
      227
    ],
    [
      228,
      230
    ],
    [
      231,
      236
    ],
    [
      237,
      239
    ],
    [
      240,
      243
    ],
    [
      244,
      252
    ],
    [
      253,
      255
    ],
    [
      256,
      260
    ],
    [
      261,
      266
    ],
    [
      266,
      267
    ],
    [
      268,
      272
    ],
    [
      273,
      277
    ],
    [
      278,
      280
    ],
    [
      281,
      284
    ],
    [
      285,
      288
    ],
    [
      289,
      298
    ],
    [
      299,
      306
    ],
    [
      307,
      317
    ],
    [
      318,
      320
    ],
    [
      321,
      326
    ],
    [
      327,
      336
    ],
    [
      337,
      342
    ],
    [
      342,
      343
    ],
    [
      344,
      346
    ],
    [
      347,
      350
    ],
    [
      351,
      356
    ],
    [
      357,
      359
    ],
    [
      360,
      362
    ],
    [
      363,
      366
    ],
    [
      367,
      371
    ],
    [
      372,
      382
    ],
    [
      383,
      386
    ],
    [
      387,
      396
    ],
    [
      397,
      402
    ],
    [
      402,
      403
    ],
    [
      404,
      406
    ],
    [
      407,
      411
    ],
    [
      412,
      414
    ],
    [
      415,
      417
    ],
    [
      418,
      422
    ],
    [
      423,
      427
    ],
    [
      428,
      435
    ],
    [
      436,
      438
    ],
    [
      439,
      447
    ],
    [
      448,
      450
    ],
    [
      451,
      457
    ],
    [
      458,
      462
    ],
    [
      463,
      473
    ],
    [
      474,
      477
    ],
    [
      477,
      478
    ],
    [
      479,
      482
    ],
    [
      483,
      485
    ],
    [
      486,
      489
    ],
    [
      490,
      494
    ],
    [
      495,
      497
    ],
    [
      498,
      503
    ],
    [
      504,
      506
    ],
    [
      507,
      514
    ],
    [
      515,
      524
    ],
    [
      525,
      534
    ],
    [
      535,
      540
    ],
    [
      541,
      546
    ],
    [
      547,
      549
    ],
    [
      550,
      555
    ],
    [
      556,
      560
    ],
    [
      561,
      563
    ],
    [
      564,
      566
    ],
    [
      567,
      572
    ],
    [
      573,
      575
    ],
    [
      576,
      579
    ],
    [
      580,
      583
    ],
    [
      584,
      592
    ],
    [
      592,
      593
    ]
  ],
  "sent-token-ranges": [
    [
      0,
      0
    ],
    [
      1,
      33
    ],
    [
      34,
      48
    ],
    [
      49,
      61
    ],
    [
      62,
      88
    ],
    [
      89,
      111
    ]
  ],
  "entity/argument_mentions": [],
  "event_mentions": []
}