{
  "text": "Cookies\n\nFor information about how to manage and opt out from cookies, please visit our Cookie Notice.\n\n",
  "words": [
    "Cookies",
    "For",
    "information",
    "about",
    "how",
    "to",
    "manage",
    "and",
    "opt",
    "out",
    "from",
    "cookies",
    ",",
    "please",
    "visit",
    "our",
    "Cookie",
    "Notice",
    "."
  ],
  "lemma": [
    "cookie",
    "for",
    "information",
    "about",
    "how",
    "to",
    "manage",
    "and",
    "opt",
    "out",
    "from",
    "cookie",
    ",",
    "please",
    "visit",
    "we",
    "Cookie",
    "notice",
    "."
  ],
  "pos-tags": [
    "NNS",
    "IN",
    "NN",
    "IN",
    "WRB",
    "TO",
    "VB",
    "CC",
    "VB",
    "RP",
    "IN",
    "NNS",
    ",",
    "UH",
    "VB",
    "PRP$",
    "NN",
    "NN",
    "."
  ],
  "dependency-relation": [
    "root",
    "case",
    "obl",
    "mark",
    "advmod",
    "mark",
    "acl",
    "cc",
    "conj",
    "compound:prt",
    "case",
    "obl",
    "punct",
    "discourse",
    "root",
    "nmod:poss",
    "compound",
    "obj",
    "punct"
  ],
  "token-ranges": [
    [
      0,
      7
    ],
    [
      9,
      12
    ],
    [
      13,
      24
    ],
    [
      25,
      30
    ],
    [
      31,
      34
    ],
    [
      35,
      37
    ],
    [
      38,
      44
    ],
    [
      45,
      48
    ],
    [
      49,
      52
    ],
    [
      53,
      56
    ],
    [
      57,
      61
    ],
    [
      62,
      69
    ],
    [
      69,
      70
    ],
    [
      71,
      77
    ],
    [
      78,
      83
    ],
    [
      84,
      87
    ],
    [
      88,
      94
    ],
    [
      95,
      101
    ],
    [
      101,
      102
    ]
  ],
  "sent-token-ranges": [
    [
      0,
      0
    ],
    [
      1,
      18
    ]
  ],
  "entity/argument_mentions": [],
  "event_mentions": []
}