{
  "text": "Information from Third Parties\n\nTo manage the information we receive about you from a social networking site or other third party (if applicable), you will need to follow the instructions from that party for updating your information and changing your privacy settings, where available. The information we collect is covered by this privacy notice and the information the third party collects is subject to such third party\u2019s privacy practices. Privacy choices you have made on any third party site will not apply to our use of the information we have collected directly through our Services.\n\n",
  "words": [
    "Information",
    "from",
    "Third",
    "Parties",
    "To",
    "manage",
    "the",
    "information",
    "we",
    "receive",
    "about",
    "you",
    "from",
    "a",
    "social",
    "networking",
    "site",
    "or",
    "other",
    "third",
    "party",
    "(",
    "if",
    "applicable",
    ")",
    ",",
    "you",
    "will",
    "need",
    "to",
    "follow",
    "the",
    "instructions",
    "from",
    "that",
    "party",
    "for",
    "updating",
    "your",
    "information",
    "and",
    "changing",
    "your",
    "privacy",
    "settings",
    ",",
    "where",
    "available",
    ".",
    "The",
    "information",
    "we",
    "collect",
    "is",
    "covered",
    "by",
    "this",
    "privacy",
    "notice",
    "and",
    "the",
    "information",
    "the",
    "third",
    "party",
    "collects",
    "is",
    "subject",
    "to",
    "such",
    "third",
    "party",
    "\u2019s",
    "privacy",
    "practices",
    ".",
    "Privacy",
    "choices",
    "you",
    "have",
    "made",
    "on",
    "any",
    "third",
    "party",
    "site",
    "will",
    "not",
    "apply",
    "to",
    "our",
    "use",
    "of",
    "the",
    "information",
    "we",
    "have",
    "collected",
    "directly",
    "through",
    "our",
    "Services",
    "."
  ],
  "lemma": [
    "information",
    "from",
    "third",
    "party",
    "to",
    "manage",
    "the",
    "information",
    "we",
    "receive",
    "about",
    "you",
    "from",
    "a",
    "social",
    "networking",
    "site",
    "or",
    "other",
    "third",
    "party",
    "(",
    "if",
    "applicable",
    ")",
    ",",
    "you",
    "will",
    "need",
    "to",
    "follow",
    "the",
    "instruction",
    "from",
    "that",
    "party",
    "for",
    "update",
    "you",
    "information",
    "and",
    "change",
    "you",
    "privacy",
    "setting",
    ",",
    "where",
    "available",
    ".",
    "the",
    "information",
    "we",
    "collect",
    "be",
    "cover",
    "by",
    "this",
    "privacy",
    "notice",
    "and",
    "the",
    "information",
    "the",
    "third",
    "party",
    "collect",
    "be",
    "subject",
    "to",
    "such",
    "third",
    "party",
    "'s",
    "privacy",
    "practice",
    ".",
    "privacy",
    "choice",
    "you",
    "have",
    "make",
    "on",
    "any",
    "third",
    "party",
    "site",
    "will",
    "not",
    "apply",
    "to",
    "we",
    "use",
    "of",
    "the",
    "information",
    "we",
    "have",
    "collect",
    "directly",
    "through",
    "we",
    "service",
    "."
  ],
  "pos-tags": [
    "NN",
    "IN",
    "NNP",
    "NNPS",
    "TO",
    "VB",
    "DT",
    "NN",
    "PRP",
    "VBP",
    "IN",
    "PRP",
    "IN",
    "DT",
    "JJ",
    "NN",
    "NN",
    "CC",
    "JJ",
    "JJ",
    "NN",
    "-LRB-",
    "IN",
    "JJ",
    "-RRB-",
    ",",
    "PRP",
    "MD",
    "VB",
    "TO",
    "VB",
    "DT",
    "NNS",
    "IN",
    "DT",
    "NN",
    "IN",
    "VBG",
    "PRP$",
    "NN",
    "CC",
    "VBG",
    "PRP$",
    "NN",
    "NNS",
    ",",
    "WRB",
    "JJ",
    ".",
    "DT",
    "NN",
    "PRP",
    "VBP",
    "VBZ",
    "VBN",
    "IN",
    "DT",
    "NN",
    "NN",
    "CC",
    "DT",
    "NN",
    "DT",
    "JJ",
    "NN",
    "VBZ",
    "VBZ",
    "JJ",
    "IN",
    "PDT",
    "JJ",
    "NN",
    "POS",
    "NN",
    "NNS",
    ".",
    "NN",
    "NNS",
    "PRP",
    "VBP",
    "VBN",
    "IN",
    "DT",
    "JJ",
    "NN",
    "NN",
    "MD",
    "RB",
    "VB",
    "IN",
    "PRP$",
    "NN",
    "IN",
    "DT",
    "NN",
    "PRP",
    "VBP",
    "VBN",
    "RB",
    "IN",
    "PRP$",
    "NNS",
    "."
  ],
  "dependency-relation": [
    "root",
    "case",
    "compound",
    "nmod",
    "mark",
    "advcl",
    "det",
    "obj",
    "nsubj",
    "acl:relcl",
    "case",
    "obl",
    "case",
    "det",
    "amod",
    "compound",
    "obl",
    "cc",
    "amod",
    "amod",
    "conj",
    "punct",
    "mark",
    "advcl",
    "punct",
    "punct",
    "nsubj",
    "aux",
    "root",
    "mark",
    "xcomp",
    "det",
    "obj",
    "case",
    "det",
    "obl",
    "mark",
    "advcl",
    "nmod:poss",
    "obj",
    "cc",
    "conj",
    "nmod:poss",
    "compound",
    "obj",
    "punct",
    "advmod",
    "advmod",
    "punct",
    "det",
    "nsubj:pass",
    "nsubj",
    "acl:relcl",
    "aux:pass",
    "root",
    "case",
    "det",
    "compound",
    "nsubj",
    "cc",
    "det",
    "conj",
    "det",
    "amod",
    "nsubj",
    "acl:relcl",
    "cop",
    "ccomp",
    "case",
    "det",
    "amod",
    "nmod:poss",
    "case",
    "compound",
    "obl",
    "punct",
    "compound",
    "nsubj",
    "nsubj",
    "aux",
    "acl:relcl",
    "case",
    "det",
    "amod",
    "compound",
    "obl",
    "aux",
    "advmod",
    "root",
    "case",
    "nmod:poss",
    "obl",
    "case",
    "det",
    "nmod",
    "nsubj",
    "aux",
    "acl:relcl",
    "advmod",
    "case",
    "nmod:poss",
    "obl",
    "punct"
  ],
  "token-ranges": [
    [
      0,
      11
    ],
    [
      12,
      16
    ],
    [
      17,
      22
    ],
    [
      23,
      30
    ],
    [
      32,
      34
    ],
    [
      35,
      41
    ],
    [
      42,
      45
    ],
    [
      46,
      57
    ],
    [
      58,
      60
    ],
    [
      61,
      68
    ],
    [
      69,
      74
    ],
    [
      75,
      78
    ],
    [
      79,
      83
    ],
    [
      84,
      85
    ],
    [
      86,
      92
    ],
    [
      93,
      103
    ],
    [
      104,
      108
    ],
    [
      109,
      111
    ],
    [
      112,
      117
    ],
    [
      118,
      123
    ],
    [
      124,
      129
    ],
    [
      130,
      131
    ],
    [
      131,
      133
    ],
    [
      134,
      144
    ],
    [
      144,
      145
    ],
    [
      145,
      146
    ],
    [
      147,
      150
    ],
    [
      151,
      155
    ],
    [
      156,
      160
    ],
    [
      161,
      163
    ],
    [
      164,
      170
    ],
    [
      171,
      174
    ],
    [
      175,
      187
    ],
    [
      188,
      192
    ],
    [
      193,
      197
    ],
    [
      198,
      203
    ],
    [
      204,
      207
    ],
    [
      208,
      216
    ],
    [
      217,
      221
    ],
    [
      222,
      233
    ],
    [
      234,
      237
    ],
    [
      238,
      246
    ],
    [
      247,
      251
    ],
    [
      252,
      259
    ],
    [
      260,
      268
    ],
    [
      268,
      269
    ],
    [
      270,
      275
    ],
    [
      276,
      285
    ],
    [
      285,
      286
    ],
    [
      287,
      290
    ],
    [
      291,
      302
    ],
    [
      303,
      305
    ],
    [
      306,
      313
    ],
    [
      314,
      316
    ],
    [
      317,
      324
    ],
    [
      325,
      327
    ],
    [
      328,
      332
    ],
    [
      333,
      340
    ],
    [
      341,
      347
    ],
    [
      348,
      351
    ],
    [
      352,
      355
    ],
    [
      356,
      367
    ],
    [
      368,
      371
    ],
    [
      372,
      377
    ],
    [
      378,
      383
    ],
    [
      384,
      392
    ],
    [
      393,
      395
    ],
    [
      396,
      403
    ],
    [
      404,
      406
    ],
    [
      407,
      411
    ],
    [
      412,
      417
    ],
    [
      418,
      423
    ],
    [
      423,
      425
    ],
    [
      426,
      433
    ],
    [
      434,
      443
    ],
    [
      443,
      444
    ],
    [
      445,
      452
    ],
    [
      453,
      460
    ],
    [
      461,
      464
    ],
    [
      465,
      469
    ],
    [
      470,
      474
    ],
    [
      475,
      477
    ],
    [
      478,
      481
    ],
    [
      482,
      487
    ],
    [
      488,
      493
    ],
    [
      494,
      498
    ],
    [
      499,
      503
    ],
    [
      504,
      507
    ],
    [
      508,
      513
    ],
    [
      514,
      516
    ],
    [
      517,
      520
    ],
    [
      521,
      524
    ],
    [
      525,
      527
    ],
    [
      528,
      531
    ],
    [
      532,
      543
    ],
    [
      544,
      546
    ],
    [
      547,
      551
    ],
    [
      552,
      561
    ],
    [
      562,
      570
    ],
    [
      571,
      578
    ],
    [
      579,
      582
    ],
    [
      583,
      591
    ],
    [
      591,
      592
    ]
  ],
  "sent-token-ranges": [
    [
      0,
      3
    ],
    [
      4,
      48
    ],
    [
      49,
      75
    ],
    [
      76,
      102
    ]
  ],
  "entity/argument_mentions": [],
  "event_mentions": []
}