{
  "text": "Unauthorized Accounts\n\nIf an account or profile was created without your knowledge or authorization, please contact customer support at the brand on which the account or profile is located to request removal of the account or profile.\n\n",
  "words": [
    "Unauthorized",
    "Accounts",
    "If",
    "an",
    "account",
    "or",
    "profile",
    "was",
    "created",
    "without",
    "your",
    "knowledge",
    "or",
    "authorization",
    ",",
    "please",
    "contact",
    "customer",
    "support",
    "at",
    "the",
    "brand",
    "on",
    "which",
    "the",
    "account",
    "or",
    "profile",
    "is",
    "located",
    "to",
    "request",
    "removal",
    "of",
    "the",
    "account",
    "or",
    "profile",
    "."
  ],
  "lemma": [
    "Unauthorize",
    "account",
    "if",
    "a",
    "account",
    "or",
    "profile",
    "be",
    "create",
    "without",
    "you",
    "knowledge",
    "or",
    "authorization",
    ",",
    "please",
    "contact",
    "customer",
    "support",
    "at",
    "the",
    "brand",
    "on",
    "which",
    "the",
    "account",
    "or",
    "profile",
    "be",
    "locate",
    "to",
    "request",
    "removal",
    "of",
    "the",
    "account",
    "or",
    "profile",
    "."
  ],
  "pos-tags": [
    "VBN",
    "NNS",
    "IN",
    "DT",
    "NN",
    "CC",
    "NN",
    "VBD",
    "VBN",
    "IN",
    "PRP$",
    "NN",
    "CC",
    "NN",
    ",",
    "UH",
    "VB",
    "NN",
    "NN",
    "IN",
    "DT",
    "NN",
    "IN",
    "WDT",
    "DT",
    "NN",
    "CC",
    "NN",
    "VBZ",
    "VBN",
    "TO",
    "VB",
    "NN",
    "IN",
    "DT",
    "NN",
    "CC",
    "NN",
    "."
  ],
  "dependency-relation": [
    "amod",
    "root",
    "mark",
    "det",
    "nsubj:pass",
    "cc",
    "conj",
    "aux:pass",
    "advcl",
    "case",
    "nmod:poss",
    "obl",
    "cc",
    "conj",
    "punct",
    "discourse",
    "root",
    "compound",
    "obj",
    "case",
    "det",
    "obl",
    "case",
    "obl",
    "det",
    "nsubj:pass",
    "cc",
    "conj",
    "aux:pass",
    "acl:relcl",
    "mark",
    "advcl",
    "obj",
    "case",
    "det",
    "nmod",
    "cc",
    "conj",
    "punct"
  ],
  "token-ranges": [
    [
      0,
      12
    ],
    [
      13,
      21
    ],
    [
      23,
      25
    ],
    [
      26,
      28
    ],
    [
      29,
      36
    ],
    [
      37,
      39
    ],
    [
      40,
      47
    ],
    [
      48,
      51
    ],
    [
      52,
      59
    ],
    [
      60,
      67
    ],
    [
      68,
      72
    ],
    [
      73,
      82
    ],
    [
      83,
      85
    ],
    [
      86,
      99
    ],
    [
      99,
      100
    ],
    [
      101,
      107
    ],
    [
      108,
      115
    ],
    [
      116,
      124
    ],
    [
      125,
      132
    ],
    [
      133,
      135
    ],
    [
      136,
      139
    ],
    [
      140,
      145
    ],
    [
      146,
      148
    ],
    [
      149,
      154
    ],
    [
      155,
      158
    ],
    [
      159,
      166
    ],
    [
      167,
      169
    ],
    [
      170,
      177
    ],
    [
      178,
      180
    ],
    [
      181,
      188
    ],
    [
      189,
      191
    ],
    [
      192,
      199
    ],
    [
      200,
      207
    ],
    [
      208,
      210
    ],
    [
      211,
      214
    ],
    [
      215,
      222
    ],
    [
      223,
      225
    ],
    [
      226,
      233
    ],
    [
      233,
      234
    ]
  ],
  "sent-token-ranges": [
    [
      0,
      1
    ],
    [
      2,
      38
    ]
  ],
  "entity/argument_mentions": [],
  "event_mentions": []
}