{
  "text": "Access\n\nYou have the right to know whether we process personal information about you, and if we do, to access data we hold about you and certain information about how we use it and who we share it with.\n\n",
  "words": [
    "Access",
    "You",
    "have",
    "the",
    "right",
    "to",
    "know",
    "whether",
    "we",
    "process",
    "personal",
    "information",
    "about",
    "you",
    ",",
    "and",
    "if",
    "we",
    "do",
    ",",
    "to",
    "access",
    "data",
    "we",
    "hold",
    "about",
    "you",
    "and",
    "certain",
    "information",
    "about",
    "how",
    "we",
    "use",
    "it",
    "and",
    "who",
    "we",
    "share",
    "it",
    "with",
    "."
  ],
  "lemma": [
    "access",
    "you",
    "have",
    "the",
    "right",
    "to",
    "know",
    "whether",
    "we",
    "process",
    "personal",
    "information",
    "about",
    "you",
    ",",
    "and",
    "if",
    "we",
    "do",
    ",",
    "to",
    "access",
    "data",
    "we",
    "hold",
    "about",
    "you",
    "and",
    "certain",
    "information",
    "about",
    "how",
    "we",
    "use",
    "it",
    "and",
    "who",
    "we",
    "share",
    "it",
    "with",
    "."
  ],
  "pos-tags": [
    "NN",
    "PRP",
    "VBP",
    "DT",
    "NN",
    "TO",
    "VB",
    "IN",
    "PRP",
    "VBP",
    "JJ",
    "NN",
    "IN",
    "PRP",
    ",",
    "CC",
    "IN",
    "PRP",
    "VBP",
    ",",
    "TO",
    "VB",
    "NN",
    "PRP",
    "VBP",
    "IN",
    "PRP",
    "CC",
    "JJ",
    "NN",
    "IN",
    "WRB",
    "PRP",
    "VBP",
    "PRP",
    "CC",
    "WP",
    "PRP",
    "VBP",
    "PRP",
    "IN",
    "."
  ],
  "dependency-relation": [
    "root",
    "nsubj",
    "root",
    "det",
    "obj",
    "mark",
    "acl",
    "mark",
    "nsubj",
    "ccomp",
    "amod",
    "obj",
    "case",
    "obl",
    "punct",
    "cc",
    "mark",
    "nsubj",
    "conj",
    "punct",
    "mark",
    "advcl",
    "obj",
    "nsubj",
    "ccomp",
    "case",
    "obl",
    "cc",
    "amod",
    "conj",
    "mark",
    "advmod",
    "nsubj",
    "acl",
    "obj",
    "cc",
    "conj",
    "nsubj",
    "acl:relcl",
    "obj",
    "obl",
    "punct"
  ],
  "token-ranges": [
    [
      0,
      6
    ],
    [
      8,
      11
    ],
    [
      12,
      16
    ],
    [
      17,
      20
    ],
    [
      21,
      26
    ],
    [
      27,
      29
    ],
    [
      30,
      34
    ],
    [
      35,
      42
    ],
    [
      43,
      45
    ],
    [
      46,
      53
    ],
    [
      54,
      62
    ],
    [
      63,
      74
    ],
    [
      75,
      80
    ],
    [
      81,
      84
    ],
    [
      84,
      85
    ],
    [
      86,
      89
    ],
    [
      90,
      92
    ],
    [
      93,
      95
    ],
    [
      96,
      98
    ],
    [
      98,
      99
    ],
    [
      100,
      102
    ],
    [
      103,
      109
    ],
    [
      110,
      114
    ],
    [
      115,
      117
    ],
    [
      118,
      122
    ],
    [
      123,
      128
    ],
    [
      129,
      132
    ],
    [
      133,
      136
    ],
    [
      137,
      144
    ],
    [
      145,
      156
    ],
    [
      157,
      162
    ],
    [
      163,
      166
    ],
    [
      167,
      169
    ],
    [
      170,
      173
    ],
    [
      174,
      176
    ],
    [
      177,
      180
    ],
    [
      181,
      184
    ],
    [
      185,
      187
    ],
    [
      188,
      193
    ],
    [
      194,
      196
    ],
    [
      197,
      201
    ],
    [
      201,
      202
    ]
  ],
  "sent-token-ranges": [
    [
      0,
      0
    ],
    [
      1,
      41
    ]
  ],
  "entity/argument_mentions": [],
  "event_mentions": []
}