{
  "text": "Portability\n\nYou have the right to receive a subset of the personal information you provide us if we process it on the legal bases of our contract with you or with your consent in a structured, commonly used and machine-readable format and a right to request that we transfer such personal information to another party. If you wish for us to transfer the personal information to another party, please ensure you detail that party and note that we can only do so where it is technically feasible. We are not responsible for the security of the personal information or its processing once received by the third party.\n\n",
  "words": [
    "Portability",
    "You",
    "have",
    "the",
    "right",
    "to",
    "receive",
    "a",
    "subset",
    "of",
    "the",
    "personal",
    "information",
    "you",
    "provide",
    "us",
    "if",
    "we",
    "process",
    "it",
    "on",
    "the",
    "legal",
    "bases",
    "of",
    "our",
    "contract",
    "with",
    "you",
    "or",
    "with",
    "your",
    "consent",
    "in",
    "a",
    "structured",
    ",",
    "commonly",
    "used",
    "and",
    "machine",
    "-",
    "readable",
    "format",
    "and",
    "a",
    "right",
    "to",
    "request",
    "that",
    "we",
    "transfer",
    "such",
    "personal",
    "information",
    "to",
    "another",
    "party",
    ".",
    "If",
    "you",
    "wish",
    "for",
    "us",
    "to",
    "transfer",
    "the",
    "personal",
    "information",
    "to",
    "another",
    "party",
    ",",
    "please",
    "ensure",
    "you",
    "detail",
    "that",
    "party",
    "and",
    "note",
    "that",
    "we",
    "can",
    "only",
    "do",
    "so",
    "where",
    "it",
    "is",
    "technically",
    "feasible",
    ".",
    "We",
    "are",
    "not",
    "responsible",
    "for",
    "the",
    "security",
    "of",
    "the",
    "personal",
    "information",
    "or",
    "its",
    "processing",
    "once",
    "received",
    "by",
    "the",
    "third",
    "party",
    "."
  ],
  "lemma": [
    "Portability",
    "you",
    "have",
    "the",
    "right",
    "to",
    "receive",
    "a",
    "subset",
    "of",
    "the",
    "personal",
    "information",
    "you",
    "provide",
    "we",
    "if",
    "we",
    "process",
    "it",
    "on",
    "the",
    "legal",
    "basis",
    "of",
    "we",
    "contract",
    "with",
    "you",
    "or",
    "with",
    "you",
    "consent",
    "in",
    "a",
    "structured",
    ",",
    "commonly",
    "use",
    "and",
    "machine",
    "-",
    "readable",
    "format",
    "and",
    "a",
    "right",
    "to",
    "request",
    "that",
    "we",
    "transfer",
    "such",
    "personal",
    "information",
    "to",
    "another",
    "party",
    ".",
    "if",
    "you",
    "wish",
    "for",
    "we",
    "to",
    "transfer",
    "the",
    "personal",
    "information",
    "to",
    "another",
    "party",
    ",",
    "please",
    "ensure",
    "you",
    "detail",
    "that",
    "party",
    "and",
    "note",
    "that",
    "we",
    "can",
    "only",
    "do",
    "so",
    "where",
    "it",
    "be",
    "technically",
    "feasible",
    ".",
    "we",
    "be",
    "not",
    "responsible",
    "for",
    "the",
    "security",
    "of",
    "the",
    "personal",
    "information",
    "or",
    "its",
    "processe",
    "once",
    "receive",
    "by",
    "the",
    "third",
    "party",
    "."
  ],
  "pos-tags": [
    "NN",
    "PRP",
    "VBP",
    "DT",
    "NN",
    "TO",
    "VB",
    "DT",
    "NN",
    "IN",
    "DT",
    "JJ",
    "NN",
    "PRP",
    "VBP",
    "PRP",
    "IN",
    "PRP",
    "VBP",
    "PRP",
    "IN",
    "DT",
    "JJ",
    "NNS",
    "IN",
    "PRP$",
    "NN",
    "IN",
    "PRP",
    "CC",
    "IN",
    "PRP$",
    "NN",
    "IN",
    "DT",
    "VBN",
    ",",
    "RB",
    "VBN",
    "CC",
    "NN",
    "HYPH",
    "JJ",
    "NN",
    "CC",
    "DT",
    "NN",
    "TO",
    "VB",
    "IN",
    "PRP",
    "VBP",
    "JJ",
    "JJ",
    "NN",
    "IN",
    "DT",
    "NN",
    ".",
    "IN",
    "PRP",
    "VBP",
    "IN",
    "PRP",
    "TO",
    "VB",
    "DT",
    "JJ",
    "NN",
    "IN",
    "DT",
    "NN",
    ",",
    "UH",
    "VB",
    "PRP",
    "NN",
    "DT",
    "NN",
    "CC",
    "NN",
    "IN",
    "PRP",
    "MD",
    "RB",
    "VB",
    "IN",
    "WRB",
    "PRP",
    "VBZ",
    "RB",
    "JJ",
    ".",
    "PRP",
    "VBP",
    "RB",
    "JJ",
    "IN",
    "DT",
    "NN",
    "IN",
    "DT",
    "JJ",
    "NN",
    "CC",
    "PRP$",
    "VBG",
    "IN",
    "VBN",
    "IN",
    "DT",
    "JJ",
    "NN",
    "."
  ],
  "dependency-relation": [
    "root",
    "nsubj",
    "root",
    "det",
    "obj",
    "mark",
    "acl",
    "det",
    "obj",
    "case",
    "det",
    "amod",
    "nmod",
    "nsubj",
    "acl:relcl",
    "obj",
    "mark",
    "nsubj",
    "advcl",
    "obj",
    "case",
    "det",
    "amod",
    "obl",
    "case",
    "nmod:poss",
    "nmod",
    "case",
    "nmod",
    "cc",
    "case",
    "nmod:poss",
    "conj",
    "case",
    "det",
    "amod",
    "punct",
    "advmod",
    "conj",
    "cc",
    "obl:npmod",
    "punct",
    "conj",
    "nmod",
    "cc",
    "det",
    "conj",
    "mark",
    "acl",
    "mark",
    "nsubj",
    "ccomp",
    "amod",
    "amod",
    "obj",
    "case",
    "det",
    "obl",
    "punct",
    "mark",
    "nsubj",
    "advcl",
    "mark",
    "nsubj",
    "mark",
    "advcl",
    "det",
    "amod",
    "obj",
    "case",
    "det",
    "obl",
    "punct",
    "discourse",
    "root",
    "nmod:poss",
    "obj",
    "det",
    "obj",
    "cc",
    "conj",
    "mark",
    "nsubj",
    "aux",
    "advmod",
    "ccomp",
    "mark",
    "advmod",
    "nsubj",
    "cop",
    "advmod",
    "advcl",
    "punct",
    "nsubj",
    "cop",
    "advmod",
    "root",
    "case",
    "det",
    "obl",
    "case",
    "det",
    "amod",
    "nmod",
    "cc",
    "nmod:poss",
    "conj",
    "mark",
    "advcl",
    "case",
    "det",
    "amod",
    "obl",
    "punct"
  ],
  "token-ranges": [
    [
      0,
      11
    ],
    [
      13,
      16
    ],
    [
      17,
      21
    ],
    [
      22,
      25
    ],
    [
      26,
      31
    ],
    [
      32,
      34
    ],
    [
      35,
      42
    ],
    [
      43,
      44
    ],
    [
      45,
      51
    ],
    [
      52,
      54
    ],
    [
      55,
      58
    ],
    [
      59,
      67
    ],
    [
      68,
      79
    ],
    [
      80,
      83
    ],
    [
      84,
      91
    ],
    [
      92,
      94
    ],
    [
      95,
      97
    ],
    [
      98,
      100
    ],
    [
      101,
      108
    ],
    [
      109,
      111
    ],
    [
      112,
      114
    ],
    [
      115,
      118
    ],
    [
      119,
      124
    ],
    [
      125,
      130
    ],
    [
      131,
      133
    ],
    [
      134,
      137
    ],
    [
      138,
      146
    ],
    [
      147,
      151
    ],
    [
      152,
      155
    ],
    [
      156,
      158
    ],
    [
      159,
      163
    ],
    [
      164,
      168
    ],
    [
      169,
      176
    ],
    [
      177,
      179
    ],
    [
      180,
      181
    ],
    [
      182,
      192
    ],
    [
      192,
      193
    ],
    [
      194,
      202
    ],
    [
      203,
      207
    ],
    [
      208,
      211
    ],
    [
      212,
      219
    ],
    [
      219,
      220
    ],
    [
      220,
      228
    ],
    [
      229,
      235
    ],
    [
      236,
      239
    ],
    [
      240,
      241
    ],
    [
      242,
      247
    ],
    [
      248,
      250
    ],
    [
      251,
      258
    ],
    [
      259,
      263
    ],
    [
      264,
      266
    ],
    [
      267,
      275
    ],
    [
      276,
      280
    ],
    [
      281,
      289
    ],
    [
      290,
      301
    ],
    [
      302,
      304
    ],
    [
      305,
      312
    ],
    [
      313,
      318
    ],
    [
      318,
      319
    ],
    [
      320,
      322
    ],
    [
      323,
      326
    ],
    [
      327,
      331
    ],
    [
      332,
      335
    ],
    [
      336,
      338
    ],
    [
      339,
      341
    ],
    [
      342,
      350
    ],
    [
      351,
      354
    ],
    [
      355,
      363
    ],
    [
      364,
      375
    ],
    [
      376,
      378
    ],
    [
      379,
      386
    ],
    [
      387,
      392
    ],
    [
      392,
      393
    ],
    [
      394,
      400
    ],
    [
      401,
      407
    ],
    [
      408,
      411
    ],
    [
      412,
      418
    ],
    [
      419,
      423
    ],
    [
      424,
      429
    ],
    [
      430,
      433
    ],
    [
      434,
      438
    ],
    [
      439,
      443
    ],
    [
      444,
      446
    ],
    [
      447,
      450
    ],
    [
      451,
      455
    ],
    [
      456,
      458
    ],
    [
      459,
      461
    ],
    [
      462,
      467
    ],
    [
      468,
      470
    ],
    [
      471,
      473
    ],
    [
      474,
      485
    ],
    [
      486,
      494
    ],
    [
      494,
      495
    ],
    [
      496,
      498
    ],
    [
      499,
      502
    ],
    [
      503,
      506
    ],
    [
      507,
      518
    ],
    [
      519,
      522
    ],
    [
      523,
      526
    ],
    [
      527,
      535
    ],
    [
      536,
      538
    ],
    [
      539,
      542
    ],
    [
      543,
      551
    ],
    [
      552,
      563
    ],
    [
      564,
      566
    ],
    [
      567,
      570
    ],
    [
      571,
      581
    ],
    [
      582,
      586
    ],
    [
      587,
      595
    ],
    [
      596,
      598
    ],
    [
      599,
      602
    ],
    [
      603,
      608
    ],
    [
      609,
      614
    ],
    [
      614,
      615
    ]
  ],
  "sent-token-ranges": [
    [
      0,
      0
    ],
    [
      1,
      58
    ],
    [
      59,
      92
    ],
    [
      93,
      113
    ]
  ],
  "entity/argument_mentions": [],
  "event_mentions": []
}