{
  "text": "Correction\n\nYou have the right to require us to correct any personal information held about you that is inaccurate and have incomplete data completed. Where you request correction, please explain in detail why you believe the personal information we hold about you to be inaccurate or incomplete so that we can assess whether a correction is required. Please note that while we assess whether the personal information we hold about you is inaccurate or incomplete, you may exercise your right to restrict our processing of the applicable data as described below.\n\n",
  "words": [
    "Correction",
    "You",
    "have",
    "the",
    "right",
    "to",
    "require",
    "us",
    "to",
    "correct",
    "any",
    "personal",
    "information",
    "held",
    "about",
    "you",
    "that",
    "is",
    "inaccurate",
    "and",
    "have",
    "incomplete",
    "data",
    "completed",
    ".",
    "Where",
    "you",
    "request",
    "correction",
    ",",
    "please",
    "explain",
    "in",
    "detail",
    "why",
    "you",
    "believe",
    "the",
    "personal",
    "information",
    "we",
    "hold",
    "about",
    "you",
    "to",
    "be",
    "inaccurate",
    "or",
    "incomplete",
    "so",
    "that",
    "we",
    "can",
    "assess",
    "whether",
    "a",
    "correction",
    "is",
    "required",
    ".",
    "Please",
    "note",
    "that",
    "while",
    "we",
    "assess",
    "whether",
    "the",
    "personal",
    "information",
    "we",
    "hold",
    "about",
    "you",
    "is",
    "inaccurate",
    "or",
    "incomplete",
    ",",
    "you",
    "may",
    "exercise",
    "your",
    "right",
    "to",
    "restrict",
    "our",
    "processing",
    "of",
    "the",
    "applicable",
    "data",
    "as",
    "described",
    "below",
    "."
  ],
  "lemma": [
    "correction",
    "you",
    "have",
    "the",
    "right",
    "to",
    "require",
    "we",
    "to",
    "correct",
    "any",
    "personal",
    "information",
    "hold",
    "about",
    "you",
    "that",
    "be",
    "inaccurate",
    "and",
    "have",
    "incomplete",
    "data",
    "complete",
    ".",
    "where",
    "you",
    "request",
    "correction",
    ",",
    "please",
    "explain",
    "in",
    "detail",
    "why",
    "you",
    "believe",
    "the",
    "personal",
    "information",
    "we",
    "hold",
    "about",
    "you",
    "to",
    "be",
    "inaccurate",
    "or",
    "incomplete",
    "so",
    "that",
    "we",
    "can",
    "assess",
    "whether",
    "a",
    "correction",
    "be",
    "require",
    ".",
    "please",
    "note",
    "that",
    "while",
    "we",
    "assess",
    "whether",
    "the",
    "personal",
    "information",
    "we",
    "hold",
    "about",
    "you",
    "be",
    "inaccurate",
    "or",
    "incomplete",
    ",",
    "you",
    "may",
    "exercise",
    "you",
    "right",
    "to",
    "restrict",
    "we",
    "processing",
    "of",
    "the",
    "applicable",
    "data",
    "as",
    "describe",
    "below",
    "."
  ],
  "pos-tags": [
    "NN",
    "PRP",
    "VBP",
    "DT",
    "NN",
    "TO",
    "VB",
    "PRP",
    "TO",
    "VB",
    "DT",
    "JJ",
    "NN",
    "VBN",
    "IN",
    "PRP",
    "DT",
    "VBZ",
    "JJ",
    "CC",
    "VBP",
    "JJ",
    "NN",
    "VBN",
    ".",
    "WRB",
    "PRP",
    "VBP",
    "NN",
    ",",
    "UH",
    "VB",
    "IN",
    "NN",
    "WRB",
    "PRP",
    "VBP",
    "DT",
    "JJ",
    "NN",
    "PRP",
    "VBP",
    "IN",
    "PRP",
    "TO",
    "VB",
    "JJ",
    "CC",
    "RB",
    "RB",
    "IN",
    "PRP",
    "MD",
    "VB",
    "IN",
    "DT",
    "NN",
    "VBZ",
    "VBN",
    ".",
    "UH",
    "VB",
    "IN",
    "IN",
    "PRP",
    "VBP",
    "IN",
    "DT",
    "JJ",
    "NN",
    "PRP",
    "VBP",
    "IN",
    "PRP",
    "VBZ",
    "JJ",
    "CC",
    "RB",
    ",",
    "PRP",
    "MD",
    "VB",
    "PRP$",
    "NN",
    "TO",
    "VB",
    "PRP$",
    "NN",
    "IN",
    "DT",
    "JJ",
    "NN",
    "IN",
    "VBN",
    "RB",
    "."
  ],
  "dependency-relation": [
    "root",
    "nsubj",
    "root",
    "det",
    "obj",
    "mark",
    "acl",
    "iobj",
    "mark",
    "xcomp",
    "det",
    "amod",
    "obj",
    "acl",
    "case",
    "obl",
    "nsubj",
    "cop",
    "ccomp",
    "cc",
    "conj",
    "amod",
    "obj",
    "xcomp",
    "punct",
    "advmod",
    "nsubj",
    "advcl",
    "obj",
    "punct",
    "discourse",
    "root",
    "case",
    "obl",
    "advmod",
    "nsubj",
    "ccomp",
    "det",
    "amod",
    "obj",
    "nsubj",
    "acl:relcl",
    "mark",
    "nsubj",
    "mark",
    "cop",
    "advcl",
    "cc",
    "conj",
    "advmod",
    "mark",
    "nsubj",
    "aux",
    "advcl",
    "mark",
    "det",
    "nsubj:pass",
    "aux:pass",
    "ccomp",
    "punct",
    "discourse",
    "root",
    "mark",
    "mark",
    "nsubj",
    "advcl",
    "mark",
    "det",
    "amod",
    "nsubj",
    "nsubj",
    "acl:relcl",
    "case",
    "obl",
    "cop",
    "ccomp",
    "cc",
    "conj",
    "punct",
    "nsubj",
    "aux",
    "ccomp",
    "nmod:poss",
    "obj",
    "mark",
    "acl",
    "nmod:poss",
    "obj",
    "case",
    "det",
    "amod",
    "nmod",
    "mark",
    "advcl",
    "advmod",
    "punct"
  ],
  "token-ranges": [
    [
      0,
      10
    ],
    [
      12,
      15
    ],
    [
      16,
      20
    ],
    [
      21,
      24
    ],
    [
      25,
      30
    ],
    [
      31,
      33
    ],
    [
      34,
      41
    ],
    [
      42,
      44
    ],
    [
      45,
      47
    ],
    [
      48,
      55
    ],
    [
      56,
      59
    ],
    [
      60,
      68
    ],
    [
      69,
      80
    ],
    [
      81,
      85
    ],
    [
      86,
      91
    ],
    [
      92,
      95
    ],
    [
      96,
      100
    ],
    [
      101,
      103
    ],
    [
      104,
      114
    ],
    [
      115,
      118
    ],
    [
      119,
      123
    ],
    [
      124,
      134
    ],
    [
      135,
      139
    ],
    [
      140,
      149
    ],
    [
      149,
      150
    ],
    [
      151,
      156
    ],
    [
      157,
      160
    ],
    [
      161,
      168
    ],
    [
      169,
      179
    ],
    [
      179,
      180
    ],
    [
      181,
      187
    ],
    [
      188,
      195
    ],
    [
      196,
      198
    ],
    [
      199,
      205
    ],
    [
      206,
      209
    ],
    [
      210,
      213
    ],
    [
      214,
      221
    ],
    [
      222,
      225
    ],
    [
      226,
      234
    ],
    [
      235,
      246
    ],
    [
      247,
      249
    ],
    [
      250,
      254
    ],
    [
      255,
      260
    ],
    [
      261,
      264
    ],
    [
      265,
      267
    ],
    [
      268,
      270
    ],
    [
      271,
      281
    ],
    [
      282,
      284
    ],
    [
      285,
      295
    ],
    [
      296,
      298
    ],
    [
      299,
      303
    ],
    [
      304,
      306
    ],
    [
      307,
      310
    ],
    [
      311,
      317
    ],
    [
      318,
      325
    ],
    [
      326,
      327
    ],
    [
      328,
      338
    ],
    [
      339,
      341
    ],
    [
      342,
      350
    ],
    [
      350,
      351
    ],
    [
      352,
      358
    ],
    [
      359,
      363
    ],
    [
      364,
      368
    ],
    [
      369,
      374
    ],
    [
      375,
      377
    ],
    [
      378,
      384
    ],
    [
      385,
      392
    ],
    [
      393,
      396
    ],
    [
      397,
      405
    ],
    [
      406,
      417
    ],
    [
      418,
      420
    ],
    [
      421,
      425
    ],
    [
      426,
      431
    ],
    [
      432,
      435
    ],
    [
      436,
      438
    ],
    [
      439,
      449
    ],
    [
      450,
      452
    ],
    [
      453,
      463
    ],
    [
      463,
      464
    ],
    [
      465,
      468
    ],
    [
      469,
      472
    ],
    [
      473,
      481
    ],
    [
      482,
      486
    ],
    [
      487,
      492
    ],
    [
      493,
      495
    ],
    [
      496,
      504
    ],
    [
      505,
      508
    ],
    [
      509,
      519
    ],
    [
      520,
      522
    ],
    [
      523,
      526
    ],
    [
      527,
      537
    ],
    [
      538,
      542
    ],
    [
      543,
      545
    ],
    [
      546,
      555
    ],
    [
      556,
      561
    ],
    [
      561,
      562
    ]
  ],
  "sent-token-ranges": [
    [
      0,
      0
    ],
    [
      1,
      24
    ],
    [
      25,
      59
    ],
    [
      60,
      95
    ]
  ],
  "entity/argument_mentions": [],
  "event_mentions": []
}