{
  "text": "Erasure\n\nYou may request that we erase the personal information we hold about you in the following circumstances:\nwhere you believe it is no longer necessary for us to hold the personal information;\nwe are processing it on the basis of your consent and you wish to withdraw your consent;\nwe are processing your data on the basis of our legitimate interest and you object to such processing;\nyou no longer wish us to use your data to send you marketing; or\nyou believe we are unlawfully processing your data.\nPlease provide as much detail as possible on your reasons for the request to assist us in determining whether you have a valid basis for erasure.\n\n",
  "words": [
    "Erasure",
    "You",
    "may",
    "request",
    "that",
    "we",
    "erase",
    "the",
    "personal",
    "information",
    "we",
    "hold",
    "about",
    "you",
    "in",
    "the",
    "following",
    "circumstances",
    ":",
    "where",
    "you",
    "believe",
    "it",
    "is",
    "no",
    "longer",
    "necessary",
    "for",
    "us",
    "to",
    "hold",
    "the",
    "personal",
    "information",
    ";",
    "we",
    "are",
    "processing",
    "it",
    "on",
    "the",
    "basis",
    "of",
    "your",
    "consent",
    "and",
    "you",
    "wish",
    "to",
    "withdraw",
    "your",
    "consent",
    ";",
    "we",
    "are",
    "processing",
    "your",
    "data",
    "on",
    "the",
    "basis",
    "of",
    "our",
    "legitimate",
    "interest",
    "and",
    "you",
    "object",
    "to",
    "such",
    "processing",
    ";",
    "you",
    "no",
    "longer",
    "wish",
    "us",
    "to",
    "use",
    "your",
    "data",
    "to",
    "send",
    "you",
    "marketing",
    ";",
    "or",
    "you",
    "believe",
    "we",
    "are",
    "unlawfully",
    "processing",
    "your",
    "data",
    ".",
    "Please",
    "provide",
    "as",
    "much",
    "detail",
    "as",
    "possible",
    "on",
    "your",
    "reasons",
    "for",
    "the",
    "request",
    "to",
    "assist",
    "us",
    "in",
    "determining",
    "whether",
    "you",
    "have",
    "a",
    "valid",
    "basis",
    "for",
    "erasure",
    "."
  ],
  "lemma": [
    "Erasure",
    "you",
    "may",
    "request",
    "that",
    "we",
    "erase",
    "the",
    "personal",
    "information",
    "we",
    "hold",
    "about",
    "you",
    "in",
    "the",
    "follow",
    "circumstance",
    ":",
    "where",
    "you",
    "believe",
    "it",
    "be",
    "no",
    "longer",
    "necessary",
    "for",
    "we",
    "to",
    "hold",
    "the",
    "personal",
    "information",
    ";",
    "we",
    "be",
    "process",
    "it",
    "on",
    "the",
    "basis",
    "of",
    "you",
    "consent",
    "and",
    "you",
    "wish",
    "to",
    "withdraw",
    "you",
    "consent",
    ";",
    "we",
    "be",
    "process",
    "you",
    "data",
    "on",
    "the",
    "basis",
    "of",
    "we",
    "legitimate",
    "interest",
    "and",
    "you",
    "object",
    "to",
    "such",
    "processing",
    ";",
    "you",
    "no",
    "longer",
    "wish",
    "we",
    "to",
    "use",
    "you",
    "data",
    "to",
    "send",
    "you",
    "markete",
    ";",
    "or",
    "you",
    "believe",
    "we",
    "be",
    "unlawfully",
    "process",
    "you",
    "data",
    ".",
    "please",
    "provide",
    "as",
    "much",
    "detail",
    "as",
    "possible",
    "on",
    "you",
    "reason",
    "for",
    "the",
    "request",
    "to",
    "assist",
    "we",
    "in",
    "determining",
    "whether",
    "you",
    "have",
    "a",
    "valid",
    "basis",
    "for",
    "erasure",
    "."
  ],
  "pos-tags": [
    "NNP",
    "PRP",
    "MD",
    "VB",
    "IN",
    "PRP",
    "VBP",
    "DT",
    "JJ",
    "NN",
    "PRP",
    "VBP",
    "IN",
    "PRP",
    "IN",
    "DT",
    "VBG",
    "NNS",
    ":",
    "WRB",
    "PRP",
    "VBP",
    "PRP",
    "VBZ",
    "RB",
    "RBR",
    "JJ",
    "IN",
    "PRP",
    "TO",
    "VB",
    "DT",
    "JJ",
    "NN",
    ",",
    "PRP",
    "VBP",
    "VBG",
    "PRP",
    "IN",
    "DT",
    "NN",
    "IN",
    "PRP$",
    "NN",
    "CC",
    "PRP",
    "VBP",
    "TO",
    "VB",
    "PRP$",
    "NN",
    ",",
    "PRP",
    "VBP",
    "VBG",
    "PRP$",
    "NN",
    "IN",
    "DT",
    "NN",
    "IN",
    "PRP$",
    "JJ",
    "NN",
    "CC",
    "PRP",
    "VBP",
    "IN",
    "JJ",
    "NN",
    ",",
    "PRP",
    "RB",
    "RBR",
    "VBP",
    "PRP",
    "TO",
    "VB",
    "PRP$",
    "NN",
    "TO",
    "VB",
    "PRP",
    "NN",
    ",",
    "CC",
    "PRP",
    "VBP",
    "PRP",
    "VBP",
    "RB",
    "VBG",
    "PRP$",
    "NN",
    ".",
    "UH",
    "VB",
    "RB",
    "JJ",
    "NN",
    "IN",
    "JJ",
    "IN",
    "PRP$",
    "NNS",
    "IN",
    "DT",
    "NN",
    "TO",
    "VB",
    "PRP",
    "IN",
    "VBG",
    "IN",
    "PRP",
    "VBP",
    "DT",
    "JJ",
    "NN",
    "IN",
    "NN",
    "."
  ],
  "dependency-relation": [
    "root",
    "nsubj",
    "aux",
    "root",
    "mark",
    "nsubj",
    "ccomp",
    "det",
    "amod",
    "obj",
    "nsubj",
    "acl:relcl",
    "case",
    "obl",
    "case",
    "det",
    "amod",
    "obl",
    "punct",
    "advmod",
    "nsubj",
    "root",
    "expl",
    "cop",
    "advmod",
    "advmod",
    "ccomp",
    "mark",
    "nsubj",
    "mark",
    "csubj",
    "det",
    "amod",
    "obj",
    "punct",
    "nsubj",
    "aux",
    "parataxis",
    "obj",
    "case",
    "det",
    "obl",
    "case",
    "nmod:poss",
    "nmod",
    "cc",
    "nsubj",
    "conj",
    "mark",
    "xcomp",
    "nmod:poss",
    "obj",
    "punct",
    "nsubj",
    "aux",
    "parataxis",
    "nmod:poss",
    "obj",
    "case",
    "det",
    "obl",
    "case",
    "nmod:poss",
    "amod",
    "nmod",
    "cc",
    "nsubj",
    "conj",
    "case",
    "amod",
    "obl",
    "punct",
    "nsubj",
    "advmod",
    "advmod",
    "ccomp",
    "obj",
    "mark",
    "xcomp",
    "nmod:poss",
    "obj",
    "mark",
    "advcl",
    "iobj",
    "obj",
    "punct",
    "cc",
    "nsubj",
    "conj",
    "nsubj",
    "aux",
    "advmod",
    "ccomp",
    "nmod:poss",
    "obj",
    "punct",
    "discourse",
    "root",
    "advmod",
    "amod",
    "obj",
    "mark",
    "advcl",
    "case",
    "nmod:poss",
    "obl",
    "case",
    "det",
    "nmod",
    "mark",
    "acl",
    "obj",
    "mark",
    "advcl",
    "mark",
    "nsubj",
    "ccomp",
    "det",
    "amod",
    "obj",
    "case",
    "nmod",
    "punct"
  ],
  "token-ranges": [
    [
      0,
      7
    ],
    [
      9,
      12
    ],
    [
      13,
      16
    ],
    [
      17,
      24
    ],
    [
      25,
      29
    ],
    [
      30,
      32
    ],
    [
      33,
      38
    ],
    [
      39,
      42
    ],
    [
      43,
      51
    ],
    [
      52,
      63
    ],
    [
      64,
      66
    ],
    [
      67,
      71
    ],
    [
      72,
      77
    ],
    [
      78,
      81
    ],
    [
      82,
      84
    ],
    [
      85,
      88
    ],
    [
      89,
      98
    ],
    [
      99,
      112
    ],
    [
      112,
      113
    ],
    [
      114,
      119
    ],
    [
      120,
      123
    ],
    [
      124,
      131
    ],
    [
      132,
      134
    ],
    [
      135,
      137
    ],
    [
      138,
      140
    ],
    [
      141,
      147
    ],
    [
      148,
      157
    ],
    [
      158,
      161
    ],
    [
      162,
      164
    ],
    [
      165,
      167
    ],
    [
      168,
      172
    ],
    [
      173,
      176
    ],
    [
      177,
      185
    ],
    [
      186,
      197
    ],
    [
      197,
      198
    ],
    [
      199,
      201
    ],
    [
      202,
      205
    ],
    [
      206,
      216
    ],
    [
      217,
      219
    ],
    [
      220,
      222
    ],
    [
      223,
      226
    ],
    [
      227,
      232
    ],
    [
      233,
      235
    ],
    [
      236,
      240
    ],
    [
      241,
      248
    ],
    [
      249,
      252
    ],
    [
      253,
      256
    ],
    [
      257,
      261
    ],
    [
      262,
      264
    ],
    [
      265,
      273
    ],
    [
      274,
      278
    ],
    [
      279,
      286
    ],
    [
      286,
      287
    ],
    [
      288,
      290
    ],
    [
      291,
      294
    ],
    [
      295,
      305
    ],
    [
      306,
      310
    ],
    [
      311,
      315
    ],
    [
      316,
      318
    ],
    [
      319,
      322
    ],
    [
      323,
      328
    ],
    [
      329,
      331
    ],
    [
      332,
      335
    ],
    [
      336,
      346
    ],
    [
      347,
      355
    ],
    [
      356,
      359
    ],
    [
      360,
      363
    ],
    [
      364,
      370
    ],
    [
      371,
      373
    ],
    [
      374,
      378
    ],
    [
      379,
      389
    ],
    [
      389,
      390
    ],
    [
      391,
      394
    ],
    [
      395,
      397
    ],
    [
      398,
      404
    ],
    [
      405,
      409
    ],
    [
      410,
      412
    ],
    [
      413,
      415
    ],
    [
      416,
      419
    ],
    [
      420,
      424
    ],
    [
      425,
      429
    ],
    [
      430,
      432
    ],
    [
      433,
      437
    ],
    [
      438,
      441
    ],
    [
      442,
      451
    ],
    [
      451,
      452
    ],
    [
      453,
      455
    ],
    [
      456,
      459
    ],
    [
      460,
      467
    ],
    [
      468,
      470
    ],
    [
      471,
      474
    ],
    [
      475,
      485
    ],
    [
      486,
      496
    ],
    [
      497,
      501
    ],
    [
      502,
      506
    ],
    [
      506,
      507
    ],
    [
      508,
      514
    ],
    [
      515,
      522
    ],
    [
      523,
      525
    ],
    [
      526,
      530
    ],
    [
      531,
      537
    ],
    [
      538,
      540
    ],
    [
      541,
      549
    ],
    [
      550,
      552
    ],
    [
      553,
      557
    ],
    [
      558,
      565
    ],
    [
      566,
      569
    ],
    [
      570,
      573
    ],
    [
      574,
      581
    ],
    [
      582,
      584
    ],
    [
      585,
      591
    ],
    [
      592,
      594
    ],
    [
      595,
      597
    ],
    [
      598,
      609
    ],
    [
      610,
      617
    ],
    [
      618,
      621
    ],
    [
      622,
      626
    ],
    [
      627,
      628
    ],
    [
      629,
      634
    ],
    [
      635,
      640
    ],
    [
      641,
      644
    ],
    [
      645,
      652
    ],
    [
      652,
      653
    ]
  ],
  "sent-token-ranges": [
    [
      0,
      0
    ],
    [
      1,
      18
    ],
    [
      19,
      95
    ],
    [
      96,
      122
    ]
  ],
  "entity/argument_mentions": [],
  "event_mentions": []
}