{
  "text": "Objection\n\nYou have the right to object to our processing of data about you and we will consider your request. Please provide us with detail as to your reasoning so that we can assess whether there is a compelling overriding interest in us continuing to process such data or we need to process it in relation to legal claims.\nYou also have the right, at any time, to object to our processing of data about you in order to send you marketing, including where we build profiles for such purposes and we will stop processing the data for that purpose.\n\n",
  "words": [
    "Objection",
    "You",
    "have",
    "the",
    "right",
    "to",
    "object",
    "to",
    "our",
    "processing",
    "of",
    "data",
    "about",
    "you",
    "and",
    "we",
    "will",
    "consider",
    "your",
    "request",
    ".",
    "Please",
    "provide",
    "us",
    "with",
    "detail",
    "as",
    "to",
    "your",
    "reasoning",
    "so",
    "that",
    "we",
    "can",
    "assess",
    "whether",
    "there",
    "is",
    "a",
    "compelling",
    "overriding",
    "interest",
    "in",
    "us",
    "continuing",
    "to",
    "process",
    "such",
    "data",
    "or",
    "we",
    "need",
    "to",
    "process",
    "it",
    "in",
    "relation",
    "to",
    "legal",
    "claims",
    ".",
    "You",
    "also",
    "have",
    "the",
    "right",
    ",",
    "at",
    "any",
    "time",
    ",",
    "to",
    "object",
    "to",
    "our",
    "processing",
    "of",
    "data",
    "about",
    "you",
    "in",
    "order",
    "to",
    "send",
    "you",
    "marketing",
    ",",
    "including",
    "where",
    "we",
    "build",
    "profiles",
    "for",
    "such",
    "purposes",
    "and",
    "we",
    "will",
    "stop",
    "processing",
    "the",
    "data",
    "for",
    "that",
    "purpose",
    "."
  ],
  "lemma": [
    "objection",
    "you",
    "have",
    "the",
    "right",
    "to",
    "object",
    "to",
    "we",
    "processing",
    "of",
    "data",
    "about",
    "you",
    "and",
    "we",
    "will",
    "consider",
    "you",
    "request",
    ".",
    "please",
    "provide",
    "we",
    "with",
    "detail",
    "as",
    "to",
    "you",
    "reasoning",
    "so",
    "that",
    "we",
    "can",
    "assess",
    "whether",
    "there",
    "be",
    "a",
    "compelling",
    "overrid",
    "interest",
    "in",
    "we",
    "continue",
    "to",
    "process",
    "such",
    "data",
    "or",
    "we",
    "need",
    "to",
    "process",
    "it",
    "in",
    "relation",
    "to",
    "legal",
    "claim",
    ".",
    "you",
    "also",
    "have",
    "the",
    "right",
    ",",
    "at",
    "any",
    "time",
    ",",
    "to",
    "object",
    "to",
    "we",
    "processing",
    "of",
    "data",
    "about",
    "you",
    "in",
    "order",
    "to",
    "send",
    "you",
    "marketing",
    ",",
    "include",
    "where",
    "we",
    "build",
    "profile",
    "for",
    "such",
    "purpose",
    "and",
    "we",
    "will",
    "stop",
    "process",
    "the",
    "data",
    "for",
    "that",
    "purpose",
    "."
  ],
  "pos-tags": [
    "NN",
    "PRP",
    "VBP",
    "DT",
    "NN",
    "TO",
    "VB",
    "IN",
    "PRP$",
    "NN",
    "IN",
    "NN",
    "IN",
    "PRP",
    "CC",
    "PRP",
    "MD",
    "VB",
    "PRP$",
    "NN",
    ".",
    "UH",
    "VB",
    "PRP",
    "IN",
    "NN",
    "IN",
    "IN",
    "PRP$",
    "NN",
    "IN",
    "IN",
    "PRP",
    "MD",
    "VB",
    "IN",
    "EX",
    "VBZ",
    "DT",
    "JJ",
    "NN",
    "NN",
    "IN",
    "PRP",
    "VBG",
    "TO",
    "VB",
    "JJ",
    "NN",
    "CC",
    "PRP",
    "VBP",
    "TO",
    "VB",
    "PRP",
    "IN",
    "NN",
    "IN",
    "JJ",
    "NNS",
    ".",
    "PRP",
    "RB",
    "VBP",
    "DT",
    "JJ",
    ",",
    "IN",
    "DT",
    "NN",
    ",",
    "TO",
    "VB",
    "IN",
    "PRP$",
    "NN",
    "IN",
    "NN",
    "IN",
    "PRP",
    "IN",
    "NN",
    "TO",
    "VB",
    "PRP",
    "NN",
    ",",
    "VBG",
    "WRB",
    "PRP",
    "VBP",
    "NNS",
    "IN",
    "JJ",
    "NNS",
    "CC",
    "PRP",
    "MD",
    "VB",
    "VBG",
    "DT",
    "NN",
    "IN",
    "DT",
    "NN",
    "."
  ],
  "dependency-relation": [
    "root",
    "nsubj",
    "root",
    "det",
    "obj",
    "mark",
    "acl",
    "case",
    "nmod:poss",
    "obl",
    "case",
    "nmod",
    "case",
    "nmod",
    "cc",
    "nsubj",
    "aux",
    "conj",
    "nmod:poss",
    "obj",
    "punct",
    "discourse",
    "root",
    "obj",
    "case",
    "obl",
    "case",
    "fixed",
    "nmod:poss",
    "obl",
    "mark",
    "fixed",
    "nsubj",
    "aux",
    "advcl",
    "mark",
    "expl",
    "ccomp",
    "det",
    "amod",
    "compound",
    "nsubj",
    "mark",
    "nsubj",
    "acl",
    "mark",
    "xcomp",
    "amod",
    "obj",
    "cc",
    "nsubj",
    "conj",
    "mark",
    "xcomp",
    "obj",
    "case",
    "obl",
    "case",
    "amod",
    "nmod",
    "punct",
    "nsubj",
    "advmod",
    "root",
    "det",
    "obj",
    "punct",
    "case",
    "det",
    "obl",
    "punct",
    "mark",
    "xcomp",
    "case",
    "nmod:poss",
    "obl",
    "case",
    "nmod",
    "case",
    "nmod",
    "mark",
    "fixed",
    "mark",
    "advcl",
    "iobj",
    "obj",
    "punct",
    "case",
    "obl",
    "nsubj",
    "advcl",
    "obj",
    "case",
    "amod",
    "nmod",
    "cc",
    "nsubj",
    "aux",
    "conj",
    "xcomp",
    "det",
    "obj",
    "case",
    "det",
    "obl",
    "punct"
  ],
  "token-ranges": [
    [
      0,
      9
    ],
    [
      11,
      14
    ],
    [
      15,
      19
    ],
    [
      20,
      23
    ],
    [
      24,
      29
    ],
    [
      30,
      32
    ],
    [
      33,
      39
    ],
    [
      40,
      42
    ],
    [
      43,
      46
    ],
    [
      47,
      57
    ],
    [
      58,
      60
    ],
    [
      61,
      65
    ],
    [
      66,
      71
    ],
    [
      72,
      75
    ],
    [
      76,
      79
    ],
    [
      80,
      82
    ],
    [
      83,
      87
    ],
    [
      88,
      96
    ],
    [
      97,
      101
    ],
    [
      102,
      109
    ],
    [
      109,
      110
    ],
    [
      111,
      117
    ],
    [
      118,
      125
    ],
    [
      126,
      128
    ],
    [
      129,
      133
    ],
    [
      134,
      140
    ],
    [
      141,
      143
    ],
    [
      144,
      146
    ],
    [
      147,
      151
    ],
    [
      152,
      161
    ],
    [
      162,
      164
    ],
    [
      165,
      169
    ],
    [
      170,
      172
    ],
    [
      173,
      176
    ],
    [
      177,
      183
    ],
    [
      184,
      191
    ],
    [
      192,
      197
    ],
    [
      198,
      200
    ],
    [
      201,
      202
    ],
    [
      203,
      213
    ],
    [
      214,
      224
    ],
    [
      225,
      233
    ],
    [
      234,
      236
    ],
    [
      237,
      239
    ],
    [
      240,
      250
    ],
    [
      251,
      253
    ],
    [
      254,
      261
    ],
    [
      262,
      266
    ],
    [
      267,
      271
    ],
    [
      272,
      274
    ],
    [
      275,
      277
    ],
    [
      278,
      282
    ],
    [
      283,
      285
    ],
    [
      286,
      293
    ],
    [
      294,
      296
    ],
    [
      297,
      299
    ],
    [
      300,
      308
    ],
    [
      309,
      311
    ],
    [
      312,
      317
    ],
    [
      318,
      324
    ],
    [
      324,
      325
    ],
    [
      326,
      329
    ],
    [
      330,
      334
    ],
    [
      335,
      339
    ],
    [
      340,
      343
    ],
    [
      344,
      349
    ],
    [
      349,
      350
    ],
    [
      351,
      353
    ],
    [
      354,
      357
    ],
    [
      358,
      362
    ],
    [
      362,
      363
    ],
    [
      364,
      366
    ],
    [
      367,
      373
    ],
    [
      374,
      376
    ],
    [
      377,
      380
    ],
    [
      381,
      391
    ],
    [
      392,
      394
    ],
    [
      395,
      399
    ],
    [
      400,
      405
    ],
    [
      406,
      409
    ],
    [
      410,
      412
    ],
    [
      413,
      418
    ],
    [
      419,
      421
    ],
    [
      422,
      426
    ],
    [
      427,
      430
    ],
    [
      431,
      440
    ],
    [
      440,
      441
    ],
    [
      442,
      451
    ],
    [
      452,
      457
    ],
    [
      458,
      460
    ],
    [
      461,
      466
    ],
    [
      467,
      475
    ],
    [
      476,
      479
    ],
    [
      480,
      484
    ],
    [
      485,
      493
    ],
    [
      494,
      497
    ],
    [
      498,
      500
    ],
    [
      501,
      505
    ],
    [
      506,
      510
    ],
    [
      511,
      521
    ],
    [
      522,
      525
    ],
    [
      526,
      530
    ],
    [
      531,
      534
    ],
    [
      535,
      539
    ],
    [
      540,
      547
    ],
    [
      547,
      548
    ]
  ],
  "sent-token-ranges": [
    [
      0,
      0
    ],
    [
      1,
      20
    ],
    [
      21,
      60
    ],
    [
      61,
      105
    ]
  ],
  "entity/argument_mentions": [],
  "event_mentions": []
}