{
  "text": "Notification of Changes\n\nWe reserve the right to modify this privacy notice at any time, so please review it frequently. If we decide to change this privacy notice in any material way, we will notify you here, by email, or by means of a notice on www.endurance.com\nor the website of the Endurance product or service you use prior to the change becoming effective. In all cases, your continued use of any Services constitutes acceptance to any such changes.\n\n",
  "words": [
    "Notification",
    "of",
    "Changes",
    "We",
    "reserve",
    "the",
    "right",
    "to",
    "modify",
    "this",
    "privacy",
    "notice",
    "at",
    "any",
    "time",
    ",",
    "so",
    "please",
    "review",
    "it",
    "frequently",
    ".",
    "If",
    "we",
    "decide",
    "to",
    "change",
    "this",
    "privacy",
    "notice",
    "in",
    "any",
    "material",
    "way",
    ",",
    "we",
    "will",
    "notify",
    "you",
    "here",
    ",",
    "by",
    "email",
    ",",
    "or",
    "by",
    "means",
    "of",
    "a",
    "notice",
    "on",
    "www.endurance.com",
    "or",
    "the",
    "website",
    "of",
    "the",
    "Endurance",
    "product",
    "or",
    "service",
    "you",
    "use",
    "prior",
    "to",
    "the",
    "change",
    "becoming",
    "effective",
    ".",
    "In",
    "all",
    "cases",
    ",",
    "your",
    "continued",
    "use",
    "of",
    "any",
    "Services",
    "constitutes",
    "acceptance",
    "to",
    "any",
    "such",
    "changes",
    "."
  ],
  "lemma": [
    "notification",
    "of",
    "change",
    "we",
    "reserve",
    "the",
    "right",
    "to",
    "modify",
    "this",
    "privacy",
    "notice",
    "at",
    "any",
    "time",
    ",",
    "so",
    "please",
    "review",
    "it",
    "frequently",
    ".",
    "if",
    "we",
    "decide",
    "to",
    "change",
    "this",
    "privacy",
    "notice",
    "in",
    "any",
    "material",
    "way",
    ",",
    "we",
    "will",
    "notify",
    "you",
    "here",
    ",",
    "by",
    "email",
    ",",
    "or",
    "by",
    "means",
    "of",
    "a",
    "notice",
    "on",
    "www.endurance.com",
    "or",
    "the",
    "website",
    "of",
    "the",
    "Endurance",
    "product",
    "or",
    "service",
    "you",
    "use",
    "prior",
    "to",
    "the",
    "change",
    "become",
    "effective",
    ".",
    "in",
    "all",
    "case",
    ",",
    "you",
    "continue",
    "use",
    "of",
    "any",
    "service",
    "constitute",
    "acceptance",
    "to",
    "any",
    "such",
    "change",
    "."
  ],
  "pos-tags": [
    "NN",
    "IN",
    "NNS",
    "PRP",
    "VBP",
    "DT",
    "NN",
    "TO",
    "VB",
    "DT",
    "NN",
    "NN",
    "IN",
    "DT",
    "NN",
    ",",
    "RB",
    "UH",
    "VB",
    "PRP",
    "RB",
    ".",
    "IN",
    "PRP",
    "VBP",
    "TO",
    "VB",
    "DT",
    "NN",
    "NN",
    "IN",
    "DT",
    "JJ",
    "NN",
    ",",
    "PRP",
    "MD",
    "VB",
    "PRP",
    "RB",
    ",",
    "IN",
    "NN",
    ",",
    "CC",
    "IN",
    "NNS",
    "IN",
    "DT",
    "NN",
    "IN",
    "ADD",
    "CC",
    "DT",
    "NN",
    "IN",
    "DT",
    "NNP",
    "NN",
    "CC",
    "NN",
    "PRP",
    "VBP",
    "JJ",
    "IN",
    "DT",
    "NN",
    "VBG",
    "JJ",
    ".",
    "IN",
    "DT",
    "NNS",
    ",",
    "PRP$",
    "VBD",
    "NN",
    "IN",
    "DT",
    "NNS",
    "NNS",
    "NN",
    "IN",
    "DT",
    "JJ",
    "NNS",
    "."
  ],
  "dependency-relation": [
    "root",
    "case",
    "nmod",
    "nsubj",
    "root",
    "det",
    "obj",
    "mark",
    "acl",
    "det",
    "compound",
    "obj",
    "case",
    "det",
    "obl",
    "punct",
    "advmod",
    "discourse",
    "conj",
    "obj",
    "advmod",
    "punct",
    "mark",
    "nsubj",
    "advcl",
    "mark",
    "xcomp",
    "det",
    "compound",
    "obj",
    "case",
    "det",
    "amod",
    "obl",
    "punct",
    "nsubj",
    "aux",
    "root",
    "obj",
    "advmod",
    "punct",
    "case",
    "obl",
    "punct",
    "cc",
    "case",
    "conj",
    "case",
    "det",
    "nmod",
    "case",
    "nmod",
    "cc",
    "det",
    "conj",
    "case",
    "det",
    "compound",
    "nmod",
    "cc",
    "conj",
    "nsubj",
    "acl:relcl",
    "case",
    "fixed",
    "det",
    "obl",
    "advcl",
    "xcomp",
    "punct",
    "case",
    "det",
    "obl",
    "punct",
    "nsubj",
    "root",
    "obj",
    "case",
    "det",
    "compound",
    "compound",
    "nmod",
    "case",
    "det",
    "amod",
    "nmod",
    "punct"
  ],
  "token-ranges": [
    [
      0,
      12
    ],
    [
      13,
      15
    ],
    [
      16,
      23
    ],
    [
      25,
      27
    ],
    [
      28,
      35
    ],
    [
      36,
      39
    ],
    [
      40,
      45
    ],
    [
      46,
      48
    ],
    [
      49,
      55
    ],
    [
      56,
      60
    ],
    [
      61,
      68
    ],
    [
      69,
      75
    ],
    [
      76,
      78
    ],
    [
      79,
      82
    ],
    [
      83,
      87
    ],
    [
      87,
      88
    ],
    [
      89,
      91
    ],
    [
      92,
      98
    ],
    [
      99,
      105
    ],
    [
      106,
      108
    ],
    [
      109,
      119
    ],
    [
      119,
      120
    ],
    [
      121,
      123
    ],
    [
      124,
      126
    ],
    [
      127,
      133
    ],
    [
      134,
      136
    ],
    [
      137,
      143
    ],
    [
      144,
      148
    ],
    [
      149,
      156
    ],
    [
      157,
      163
    ],
    [
      164,
      166
    ],
    [
      167,
      170
    ],
    [
      171,
      179
    ],
    [
      180,
      183
    ],
    [
      183,
      184
    ],
    [
      185,
      187
    ],
    [
      188,
      192
    ],
    [
      193,
      199
    ],
    [
      200,
      203
    ],
    [
      204,
      208
    ],
    [
      208,
      209
    ],
    [
      210,
      212
    ],
    [
      213,
      218
    ],
    [
      218,
      219
    ],
    [
      220,
      222
    ],
    [
      223,
      225
    ],
    [
      226,
      231
    ],
    [
      232,
      234
    ],
    [
      235,
      236
    ],
    [
      237,
      243
    ],
    [
      244,
      246
    ],
    [
      247,
      264
    ],
    [
      265,
      267
    ],
    [
      268,
      271
    ],
    [
      272,
      279
    ],
    [
      280,
      282
    ],
    [
      283,
      286
    ],
    [
      287,
      296
    ],
    [
      297,
      304
    ],
    [
      305,
      307
    ],
    [
      308,
      315
    ],
    [
      316,
      319
    ],
    [
      320,
      323
    ],
    [
      324,
      329
    ],
    [
      330,
      332
    ],
    [
      333,
      336
    ],
    [
      337,
      343
    ],
    [
      344,
      352
    ],
    [
      353,
      362
    ],
    [
      362,
      363
    ],
    [
      364,
      366
    ],
    [
      367,
      370
    ],
    [
      371,
      376
    ],
    [
      376,
      377
    ],
    [
      378,
      382
    ],
    [
      383,
      392
    ],
    [
      393,
      396
    ],
    [
      397,
      399
    ],
    [
      400,
      403
    ],
    [
      404,
      412
    ],
    [
      413,
      424
    ],
    [
      425,
      435
    ],
    [
      436,
      438
    ],
    [
      439,
      442
    ],
    [
      443,
      447
    ],
    [
      448,
      455
    ],
    [
      455,
      456
    ]
  ],
  "sent-token-ranges": [
    [
      0,
      2
    ],
    [
      3,
      21
    ],
    [
      22,
      69
    ],
    [
      70,
      86
    ]
  ],
  "entity/argument_mentions": [],
  "event_mentions": []
}