{
  "text": "Complaints\n\nIf you have any questions about this privacy notice or our data handling practices, or you wish to make a complaint, you may contact our Data Protection Officer at privacy@endurance.com or by regular mail at:\nData Protection Officer\n10 Corporate Drive\nBurlington, MA 01803\nU.S.A.\nWe will address your request. In addition, you may raise a complaint with the Dutch Supervisory Authority (Autoriteit Persoonsgegevens) by contacting:\nAutoriteit Persoonsgegevens\nPostbus 93374\n2509 AJ DEN HAAG\nTHE NETHERLANDS\nTelephone: (+31) \u2013 (0)70 \u2013 888 85 00\nFax: (+31) \u2013 (0)70 \u2013 888 85 01\nLast modified May 16, 2019\n\n",
  "words": [
    "Complaints",
    "If",
    "you",
    "have",
    "any",
    "questions",
    "about",
    "this",
    "privacy",
    "notice",
    "or",
    "our",
    "data",
    "handling",
    "practices",
    ",",
    "or",
    "you",
    "wish",
    "to",
    "make",
    "a",
    "complaint",
    ",",
    "you",
    "may",
    "contact",
    "our",
    "Data",
    "Protection",
    "Officer",
    "at",
    "privacy@endurance.com",
    "or",
    "by",
    "regular",
    "mail",
    "at",
    ":",
    "Data",
    "Protection",
    "Officer",
    "10",
    "Corporate",
    "Drive",
    "Burlington",
    ",",
    "MA",
    "01803",
    "U.S.A",
    ".",
    "We",
    "will",
    "address",
    "your",
    "request",
    ".",
    "In",
    "addition",
    ",",
    "you",
    "may",
    "raise",
    "a",
    "complaint",
    "with",
    "the",
    "Dutch",
    "Supervisory",
    "Authority",
    "(",
    "Autoriteit",
    "Persoonsgegevens",
    ")",
    "by",
    "contacting",
    ":",
    "Autoriteit",
    "Persoonsgegevens",
    "Postbus",
    "93374",
    "2509",
    "AJ",
    "DEN",
    "HAAG",
    "THE",
    "NETHERLANDS",
    "Telephone",
    ":",
    "(",
    "+31",
    ")",
    "\u2013",
    "(",
    "0",
    ")",
    "70",
    "\u2013",
    "888",
    "85",
    "00",
    "Fax",
    ":",
    "(",
    "+31",
    ")",
    "\u2013",
    "(",
    "0",
    ")",
    "70",
    "\u2013",
    "888",
    "85",
    "01",
    "Last",
    "modified",
    "May",
    "16",
    ",",
    "2019"
  ],
  "lemma": [
    "complaints",
    "if",
    "you",
    "have",
    "any",
    "question",
    "about",
    "this",
    "privacy",
    "notice",
    "or",
    "we",
    "data",
    "handling",
    "practice",
    ",",
    "or",
    "you",
    "wish",
    "to",
    "make",
    "a",
    "complaint",
    ",",
    "you",
    "may",
    "contact",
    "we",
    "data",
    "Protection",
    "Officer",
    "at",
    "privacy@endurance.com",
    "or",
    "by",
    "regular",
    "mail",
    "at",
    ":",
    "data",
    "Protection",
    "Officer",
    "10",
    "corporate",
    "drive",
    "Burlington",
    ",",
    "Ma",
    "01803",
    "U.S.A",
    ".",
    "we",
    "will",
    "address",
    "you",
    "request",
    ".",
    "in",
    "addition",
    ",",
    "you",
    "may",
    "raise",
    "a",
    "complaint",
    "with",
    "the",
    "Dutch",
    "Supervisory",
    "Authority",
    "(",
    "Autoriteit",
    "Persoonsgegevens",
    ")",
    "by",
    "contact",
    ":",
    "Autoriteit",
    "Persoonsgegevens",
    "Postbus",
    "93374",
    "2509",
    "AJ",
    "DEN",
    "HAAG",
    "the",
    "Netherlands",
    "telephone",
    ":",
    "(",
    "+31",
    ")",
    "-",
    "(",
    "0",
    ")",
    "70",
    "-",
    "888",
    "85",
    "00",
    "fax",
    ":",
    "(",
    "+31",
    ")",
    "-",
    "(",
    "0",
    ")",
    "70",
    "-",
    "888",
    "85",
    "01",
    "last",
    "modified",
    "May",
    "16",
    ",",
    "2019"
  ],
  "pos-tags": [
    "NNS",
    "IN",
    "PRP",
    "VBP",
    "DT",
    "NNS",
    "IN",
    "DT",
    "NN",
    "NN",
    "CC",
    "PRP$",
    "NN",
    "VBG",
    "NNS",
    ",",
    "CC",
    "PRP",
    "VBP",
    "TO",
    "VB",
    "DT",
    "NN",
    ",",
    "PRP",
    "MD",
    "VB",
    "PRP$",
    "NNP",
    "NNP",
    "NNP",
    "IN",
    "ADD",
    "CC",
    "IN",
    "JJ",
    "NN",
    "IN",
    ":",
    "NNP",
    "NNP",
    "NNP",
    "CD",
    "NNP",
    "NNP",
    "NNP",
    ",",
    "NNP",
    "CD",
    "NNP",
    ".",
    "PRP",
    "MD",
    "VB",
    "PRP$",
    "NN",
    ".",
    "IN",
    "NN",
    ",",
    "PRP",
    "MD",
    "VB",
    "DT",
    "NN",
    "IN",
    "DT",
    "NNP",
    "NNP",
    "NNP",
    "-LRB-",
    "NNP",
    "NNPS",
    "-RRB-",
    "IN",
    "VBG",
    ":",
    "NNP",
    "NNP",
    "NNP",
    "CD",
    "CD",
    "NNP",
    "NNP",
    "NNP",
    "DT",
    "NNP",
    "NNP",
    ":",
    "-LRB-",
    "CD",
    "-RRB-",
    ":",
    "-LRB-",
    "CD",
    "-RRB-",
    "CD",
    ":",
    "CD",
    "CD",
    "CD",
    "NN",
    ":",
    "-LRB-",
    "CD",
    "-RRB-",
    ":",
    "-LRB-",
    "CD",
    "-RRB-",
    "CD",
    ":",
    "CD",
    "CD",
    "CD",
    "JJ",
    "VBN",
    "NNP",
    "CD",
    ",",
    "CD"
  ],
  "dependency-relation": [
    "root",
    "mark",
    "nsubj",
    "advcl",
    "det",
    "obj",
    "case",
    "det",
    "compound",
    "obl",
    "cc",
    "nmod:poss",
    "compound",
    "amod",
    "conj",
    "punct",
    "cc",
    "nsubj",
    "conj",
    "mark",
    "xcomp",
    "det",
    "obj",
    "punct",
    "nsubj",
    "aux",
    "root",
    "nmod:poss",
    "compound",
    "compound",
    "obj",
    "case",
    "obl",
    "cc",
    "case",
    "amod",
    "conj",
    "case",
    "punct",
    "compound",
    "compound",
    "compound",
    "nummod",
    "compound",
    "nmod",
    "flat",
    "punct",
    "compound",
    "nummod",
    "appos",
    "punct",
    "nsubj",
    "aux",
    "root",
    "nmod:poss",
    "obj",
    "punct",
    "case",
    "obl",
    "punct",
    "nsubj",
    "aux",
    "root",
    "det",
    "obj",
    "case",
    "det",
    "compound",
    "compound",
    "nmod",
    "punct",
    "compound",
    "appos",
    "punct",
    "mark",
    "advcl",
    "punct",
    "compound",
    "compound",
    "flat",
    "nummod",
    "list",
    "appos",
    "flat",
    "flat",
    "det",
    "compound",
    "flat",
    "punct",
    "punct",
    "appos",
    "punct",
    "punct",
    "punct",
    "appos",
    "punct",
    "nummod",
    "punct",
    "appos",
    "compound",
    "appos",
    "root",
    "punct",
    "punct",
    "appos",
    "punct",
    "punct",
    "punct",
    "nummod",
    "punct",
    "appos",
    "punct",
    "appos",
    "compound",
    "nummod",
    "amod",
    "root",
    "appos",
    "nummod",
    "punct",
    "nummod"
  ],
  "token-ranges": [
    [
      0,
      10
    ],
    [
      12,
      14
    ],
    [
      15,
      18
    ],
    [
      19,
      23
    ],
    [
      24,
      27
    ],
    [
      28,
      37
    ],
    [
      38,
      43
    ],
    [
      44,
      48
    ],
    [
      49,
      56
    ],
    [
      57,
      63
    ],
    [
      64,
      66
    ],
    [
      67,
      70
    ],
    [
      71,
      75
    ],
    [
      76,
      84
    ],
    [
      85,
      94
    ],
    [
      94,
      95
    ],
    [
      96,
      98
    ],
    [
      99,
      102
    ],
    [
      103,
      107
    ],
    [
      108,
      110
    ],
    [
      111,
      115
    ],
    [
      116,
      117
    ],
    [
      118,
      127
    ],
    [
      127,
      128
    ],
    [
      129,
      132
    ],
    [
      133,
      136
    ],
    [
      137,
      144
    ],
    [
      145,
      148
    ],
    [
      149,
      153
    ],
    [
      154,
      164
    ],
    [
      165,
      172
    ],
    [
      173,
      175
    ],
    [
      176,
      197
    ],
    [
      198,
      200
    ],
    [
      201,
      203
    ],
    [
      204,
      211
    ],
    [
      212,
      216
    ],
    [
      217,
      219
    ],
    [
      219,
      220
    ],
    [
      221,
      225
    ],
    [
      226,
      236
    ],
    [
      237,
      244
    ],
    [
      245,
      247
    ],
    [
      248,
      257
    ],
    [
      258,
      263
    ],
    [
      264,
      274
    ],
    [
      274,
      275
    ],
    [
      276,
      278
    ],
    [
      279,
      284
    ],
    [
      285,
      290
    ],
    [
      290,
      291
    ],
    [
      292,
      294
    ],
    [
      295,
      299
    ],
    [
      300,
      307
    ],
    [
      308,
      312
    ],
    [
      313,
      320
    ],
    [
      320,
      321
    ],
    [
      322,
      324
    ],
    [
      325,
      333
    ],
    [
      333,
      334
    ],
    [
      335,
      338
    ],
    [
      339,
      342
    ],
    [
      343,
      348
    ],
    [
      349,
      350
    ],
    [
      351,
      360
    ],
    [
      361,
      365
    ],
    [
      366,
      369
    ],
    [
      370,
      375
    ],
    [
      376,
      387
    ],
    [
      388,
      397
    ],
    [
      398,
      399
    ],
    [
      399,
      409
    ],
    [
      410,
      426
    ],
    [
      426,
      427
    ],
    [
      428,
      430
    ],
    [
      431,
      441
    ],
    [
      441,
      442
    ],
    [
      443,
      453
    ],
    [
      454,
      470
    ],
    [
      471,
      478
    ],
    [
      479,
      484
    ],
    [
      485,
      489
    ],
    [
      490,
      492
    ],
    [
      493,
      496
    ],
    [
      497,
      501
    ],
    [
      502,
      505
    ],
    [
      506,
      517
    ],
    [
      518,
      527
    ],
    [
      527,
      528
    ],
    [
      529,
      530
    ],
    [
      530,
      533
    ],
    [
      533,
      534
    ],
    [
      535,
      536
    ],
    [
      537,
      538
    ],
    [
      538,
      539
    ],
    [
      539,
      540
    ],
    [
      540,
      542
    ],
    [
      543,
      544
    ],
    [
      545,
      548
    ],
    [
      549,
      551
    ],
    [
      552,
      554
    ],
    [
      555,
      558
    ],
    [
      558,
      559
    ],
    [
      560,
      561
    ],
    [
      561,
      564
    ],
    [
      564,
      565
    ],
    [
      566,
      567
    ],
    [
      568,
      569
    ],
    [
      569,
      570
    ],
    [
      570,
      571
    ],
    [
      571,
      573
    ],
    [
      574,
      575
    ],
    [
      576,
      579
    ],
    [
      580,
      582
    ],
    [
      583,
      585
    ],
    [
      586,
      590
    ],
    [
      591,
      599
    ],
    [
      600,
      603
    ],
    [
      604,
      606
    ],
    [
      606,
      607
    ],
    [
      608,
      612
    ]
  ],
  "sent-token-ranges": [
    [
      0,
      0
    ],
    [
      1,
      50
    ],
    [
      51,
      56
    ],
    [
      57,
      76
    ],
    [
      77,
      114
    ],
    [
      115,
      120
    ]
  ],
  "entity/argument_mentions": [],
  "event_mentions": []
}