{
  "text": "Questions\n\nIf you have questions about this Privacy Policy or our policies or wish to exercise any of your rights as described, please contact our DPO team at:\nFor the purposes of GDPR (Article 27), you may contact our EU representative at:\nWe will attempt to resolve any complaints regarding the use of your PII in accordance with this Privacy Policy.\n\n",
  "words": [
    "Questions",
    "If",
    "you",
    "have",
    "questions",
    "about",
    "this",
    "Privacy",
    "Policy",
    "or",
    "our",
    "policies",
    "or",
    "wish",
    "to",
    "exercise",
    "any",
    "of",
    "your",
    "rights",
    "as",
    "described",
    ",",
    "please",
    "contact",
    "our",
    "DPO",
    "team",
    "at",
    ":",
    "For",
    "the",
    "purposes",
    "of",
    "GDPR",
    "(",
    "Article",
    "27",
    ")",
    ",",
    "you",
    "may",
    "contact",
    "our",
    "EU",
    "representative",
    "at",
    ":",
    "We",
    "will",
    "attempt",
    "to",
    "resolve",
    "any",
    "complaints",
    "regarding",
    "the",
    "use",
    "of",
    "your",
    "PII",
    "in",
    "accordance",
    "with",
    "this",
    "Privacy",
    "Policy",
    "."
  ],
  "lemma": [
    "question",
    "if",
    "you",
    "have",
    "question",
    "about",
    "this",
    "privacy",
    "policy",
    "or",
    "we",
    "policy",
    "or",
    "wish",
    "to",
    "exercise",
    "any",
    "of",
    "you",
    "rights",
    "as",
    "describe",
    ",",
    "please",
    "contact",
    "we",
    "Dpo",
    "team",
    "at",
    ":",
    "for",
    "the",
    "purpose",
    "of",
    "GDPR",
    "(",
    "article",
    "27",
    ")",
    ",",
    "you",
    "may",
    "contact",
    "we",
    "EU",
    "representative",
    "at",
    ":",
    "we",
    "will",
    "attempt",
    "to",
    "resolve",
    "any",
    "complaint",
    "regard",
    "the",
    "use",
    "of",
    "you",
    "pIi",
    "in",
    "accordance",
    "with",
    "this",
    "privacy",
    "policy",
    "."
  ],
  "pos-tags": [
    "NNS",
    "IN",
    "PRP",
    "VBP",
    "NNS",
    "IN",
    "DT",
    "NN",
    "NN",
    "CC",
    "PRP$",
    "NNS",
    "CC",
    "VBP",
    "TO",
    "VB",
    "DT",
    "IN",
    "PRP$",
    "NNS",
    "IN",
    "VBN",
    ",",
    "UH",
    "VB",
    "PRP$",
    "NN",
    "NN",
    "IN",
    ":",
    "IN",
    "DT",
    "NNS",
    "IN",
    "NNP",
    "-LRB-",
    "NN",
    "CD",
    "-RRB-",
    ",",
    "PRP",
    "MD",
    "VB",
    "PRP$",
    "NNP",
    "VB",
    "IN",
    ":",
    "PRP",
    "MD",
    "VB",
    "TO",
    "VB",
    "DT",
    "NNS",
    "VBG",
    "DT",
    "NN",
    "IN",
    "PRP$",
    "NN",
    "IN",
    "NN",
    "IN",
    "DT",
    "NN",
    "NN",
    "."
  ],
  "dependency-relation": [
    "root",
    "mark",
    "nsubj",
    "advcl",
    "obj",
    "case",
    "det",
    "compound",
    "nmod",
    "cc",
    "nmod:poss",
    "conj",
    "cc",
    "conj",
    "mark",
    "xcomp",
    "obj",
    "case",
    "nmod:poss",
    "nmod",
    "mark",
    "advcl",
    "punct",
    "discourse",
    "root",
    "nmod:poss",
    "compound",
    "obj",
    "obl",
    "punct",
    "case",
    "det",
    "obl",
    "case",
    "nmod",
    "punct",
    "appos",
    "nummod",
    "punct",
    "punct",
    "nsubj",
    "aux",
    "conj",
    "nmod:poss",
    "obj",
    "ccomp",
    "obl",
    "punct",
    "nsubj",
    "aux",
    "root",
    "mark",
    "xcomp",
    "det",
    "obj",
    "case",
    "det",
    "nmod",
    "case",
    "nmod:poss",
    "nmod",
    "case",
    "nmod",
    "case",
    "det",
    "compound",
    "nmod",
    "punct"
  ],
  "token-ranges": [
    [
      0,
      9
    ],
    [
      11,
      13
    ],
    [
      14,
      17
    ],
    [
      18,
      22
    ],
    [
      23,
      32
    ],
    [
      33,
      38
    ],
    [
      39,
      43
    ],
    [
      44,
      51
    ],
    [
      52,
      58
    ],
    [
      59,
      61
    ],
    [
      62,
      65
    ],
    [
      66,
      74
    ],
    [
      75,
      77
    ],
    [
      78,
      82
    ],
    [
      83,
      85
    ],
    [
      86,
      94
    ],
    [
      95,
      98
    ],
    [
      99,
      101
    ],
    [
      102,
      106
    ],
    [
      107,
      113
    ],
    [
      114,
      116
    ],
    [
      117,
      126
    ],
    [
      126,
      127
    ],
    [
      128,
      134
    ],
    [
      135,
      142
    ],
    [
      143,
      146
    ],
    [
      147,
      150
    ],
    [
      151,
      155
    ],
    [
      156,
      158
    ],
    [
      158,
      159
    ],
    [
      160,
      163
    ],
    [
      164,
      167
    ],
    [
      168,
      176
    ],
    [
      177,
      179
    ],
    [
      180,
      184
    ],
    [
      185,
      186
    ],
    [
      186,
      193
    ],
    [
      194,
      196
    ],
    [
      196,
      197
    ],
    [
      197,
      198
    ],
    [
      199,
      202
    ],
    [
      203,
      206
    ],
    [
      207,
      214
    ],
    [
      215,
      218
    ],
    [
      219,
      221
    ],
    [
      222,
      236
    ],
    [
      237,
      239
    ],
    [
      239,
      240
    ],
    [
      241,
      243
    ],
    [
      244,
      248
    ],
    [
      249,
      256
    ],
    [
      257,
      259
    ],
    [
      260,
      267
    ],
    [
      268,
      271
    ],
    [
      272,
      282
    ],
    [
      283,
      292
    ],
    [
      293,
      296
    ],
    [
      297,
      300
    ],
    [
      301,
      303
    ],
    [
      304,
      308
    ],
    [
      309,
      312
    ],
    [
      313,
      315
    ],
    [
      316,
      326
    ],
    [
      327,
      331
    ],
    [
      332,
      336
    ],
    [
      337,
      344
    ],
    [
      345,
      351
    ],
    [
      351,
      352
    ]
  ],
  "sent-token-ranges": [
    [
      0,
      0
    ],
    [
      1,
      47
    ],
    [
      48,
      67
    ]
  ],
  "entity/argument_mentions": [],
  "event_mentions": []
}