{
  "text": "Your privacy is critically important to us. At Exim Labs, we have a few fundamental principles:\nWe are thoughtful about the personal information we ask you to provide and the personal information that we collect about you through the operation of our services.\nWe store personal information for only as long as we have a reason to keep it.\nWe aim to make it as simple as possible for you to control what information on your account is shared (or kept private) and permanently deleted.\nWe help protect you from overreaching government demands for your personal information.\nWe aim for full transparency on how we gather, use, and share your personal information.\nBelow is our Privacy Policy, which incorporates and clarifies these principles.\n\n\n",
  "words": [
    "Your",
    "privacy",
    "is",
    "critically",
    "important",
    "to",
    "us",
    ".",
    "At",
    "Exim",
    "Labs",
    ",",
    "we",
    "have",
    "a",
    "few",
    "fundamental",
    "principles",
    ":",
    "We",
    "are",
    "thoughtful",
    "about",
    "the",
    "personal",
    "information",
    "we",
    "ask",
    "you",
    "to",
    "provide",
    "and",
    "the",
    "personal",
    "information",
    "that",
    "we",
    "collect",
    "about",
    "you",
    "through",
    "the",
    "operation",
    "of",
    "our",
    "services",
    ".",
    "We",
    "store",
    "personal",
    "information",
    "for",
    "only",
    "as",
    "long",
    "as",
    "we",
    "have",
    "a",
    "reason",
    "to",
    "keep",
    "it",
    ".",
    "We",
    "aim",
    "to",
    "make",
    "it",
    "as",
    "simple",
    "as",
    "possible",
    "for",
    "you",
    "to",
    "control",
    "what",
    "information",
    "on",
    "your",
    "account",
    "is",
    "shared",
    "(",
    "or",
    "kept",
    "private",
    ")",
    "and",
    "permanently",
    "deleted",
    ".",
    "We",
    "help",
    "protect",
    "you",
    "from",
    "overreaching",
    "government",
    "demands",
    "for",
    "your",
    "personal",
    "information",
    ".",
    "We",
    "aim",
    "for",
    "full",
    "transparency",
    "on",
    "how",
    "we",
    "gather",
    ",",
    "use",
    ",",
    "and",
    "share",
    "your",
    "personal",
    "information",
    ".",
    "Below",
    "is",
    "our",
    "Privacy",
    "Policy",
    ",",
    "which",
    "incorporates",
    "and",
    "clarifies",
    "these",
    "principles",
    "."
  ],
  "lemma": [
    "you",
    "privacy",
    "be",
    "critically",
    "important",
    "to",
    "we",
    ".",
    "at",
    "Exim",
    "labs",
    ",",
    "we",
    "have",
    "a",
    "few",
    "fundamental",
    "principle",
    ":",
    "we",
    "be",
    "thoughtful",
    "about",
    "the",
    "personal",
    "information",
    "we",
    "ask",
    "you",
    "to",
    "provide",
    "and",
    "the",
    "personal",
    "information",
    "that",
    "we",
    "collect",
    "about",
    "you",
    "through",
    "the",
    "operation",
    "of",
    "we",
    "service",
    ".",
    "we",
    "store",
    "personal",
    "information",
    "for",
    "only",
    "as",
    "long",
    "as",
    "we",
    "have",
    "a",
    "reason",
    "to",
    "keep",
    "it",
    ".",
    "we",
    "aim",
    "to",
    "make",
    "it",
    "as",
    "simple",
    "as",
    "possible",
    "for",
    "you",
    "to",
    "control",
    "what",
    "information",
    "on",
    "you",
    "account",
    "be",
    "share",
    "(",
    "or",
    "keep",
    "private",
    ")",
    "and",
    "permanently",
    "delete",
    ".",
    "we",
    "help",
    "protect",
    "you",
    "from",
    "overreaching",
    "government",
    "demand",
    "for",
    "you",
    "personal",
    "information",
    ".",
    "we",
    "aim",
    "for",
    "full",
    "transparency",
    "on",
    "how",
    "we",
    "gather",
    ",",
    "use",
    ",",
    "and",
    "share",
    "you",
    "personal",
    "information",
    ".",
    "below",
    "be",
    "we",
    "privacy",
    "policy",
    ",",
    "which",
    "incorporate",
    "and",
    "clarify",
    "these",
    "principle",
    "."
  ],
  "pos-tags": [
    "PRP$",
    "NN",
    "VBZ",
    "RB",
    "JJ",
    "IN",
    "PRP",
    ".",
    "IN",
    "NNP",
    "NNP",
    ",",
    "PRP",
    "VBP",
    "DT",
    "JJ",
    "JJ",
    "NNS",
    ":",
    "PRP",
    "VBP",
    "JJ",
    "IN",
    "DT",
    "JJ",
    "NN",
    "PRP",
    "VBP",
    "PRP",
    "TO",
    "VB",
    "CC",
    "DT",
    "JJ",
    "NN",
    "WDT",
    "PRP",
    "VBP",
    "IN",
    "PRP",
    "IN",
    "DT",
    "NN",
    "IN",
    "PRP$",
    "NNS",
    ".",
    "PRP",
    "VBD",
    "JJ",
    "NN",
    "IN",
    "RB",
    "RB",
    "RB",
    "IN",
    "PRP",
    "VBP",
    "DT",
    "NN",
    "TO",
    "VB",
    "PRP",
    ".",
    "PRP",
    "VBP",
    "TO",
    "VB",
    "PRP",
    "RB",
    "JJ",
    "IN",
    "JJ",
    "IN",
    "PRP",
    "TO",
    "VB",
    "WDT",
    "NN",
    "IN",
    "PRP$",
    "NN",
    "VBZ",
    "VBN",
    "-LRB-",
    "CC",
    "VBN",
    "JJ",
    "-RRB-",
    "CC",
    "RB",
    "VBN",
    ".",
    "PRP",
    "VBP",
    "VB",
    "PRP",
    "IN",
    "VBG",
    "NN",
    "NNS",
    "IN",
    "PRP$",
    "JJ",
    "NN",
    ".",
    "PRP",
    "VBP",
    "IN",
    "JJ",
    "NN",
    "IN",
    "WRB",
    "PRP",
    "NN",
    ",",
    "NN",
    ",",
    "CC",
    "VB",
    "PRP$",
    "JJ",
    "NN",
    ".",
    "RB",
    "VBZ",
    "PRP$",
    "NN",
    "NN",
    ",",
    "WDT",
    "VBZ",
    "CC",
    "VBZ",
    "DT",
    "NNS",
    "."
  ],
  "dependency-relation": [
    "nmod:poss",
    "nsubj",
    "cop",
    "advmod",
    "root",
    "case",
    "obl",
    "punct",
    "case",
    "compound",
    "obl",
    "punct",
    "nsubj",
    "root",
    "det",
    "amod",
    "amod",
    "obj",
    "punct",
    "nsubj",
    "cop",
    "root",
    "case",
    "det",
    "amod",
    "obl",
    "nsubj",
    "ccomp",
    "obj",
    "mark",
    "xcomp",
    "cc",
    "det",
    "amod",
    "conj",
    "obj",
    "nsubj",
    "acl:relcl",
    "case",
    "obl",
    "case",
    "det",
    "obl",
    "case",
    "nmod:poss",
    "nmod",
    "punct",
    "nsubj",
    "root",
    "amod",
    "obj",
    "case",
    "advmod",
    "advmod",
    "obl",
    "mark",
    "nsubj",
    "advcl",
    "det",
    "obj",
    "mark",
    "acl",
    "obj",
    "punct",
    "nsubj",
    "root",
    "mark",
    "xcomp",
    "obj",
    "advmod",
    "xcomp",
    "mark",
    "advcl",
    "case",
    "obl",
    "mark",
    "xcomp",
    "det",
    "nsubj:pass",
    "case",
    "nmod:poss",
    "nmod",
    "aux:pass",
    "ccomp",
    "punct",
    "cc",
    "conj",
    "xcomp",
    "punct",
    "cc",
    "advmod",
    "conj",
    "punct",
    "nsubj",
    "root",
    "ccomp",
    "obj",
    "mark",
    "advcl",
    "compound",
    "obj",
    "case",
    "nmod:poss",
    "amod",
    "obl",
    "punct",
    "nsubj",
    "root",
    "case",
    "amod",
    "obl",
    "mark",
    "advmod",
    "nsubj",
    "advcl",
    "punct",
    "conj",
    "punct",
    "cc",
    "conj",
    "nmod:poss",
    "amod",
    "obj",
    "punct",
    "root",
    "cop",
    "nmod:poss",
    "compound",
    "nsubj",
    "punct",
    "nsubj",
    "acl:relcl",
    "cc",
    "conj",
    "det",
    "obj",
    "punct"
  ],
  "token-ranges": [
    [
      0,
      4
    ],
    [
      5,
      12
    ],
    [
      13,
      15
    ],
    [
      16,
      26
    ],
    [
      27,
      36
    ],
    [
      37,
      39
    ],
    [
      40,
      42
    ],
    [
      42,
      43
    ],
    [
      44,
      46
    ],
    [
      47,
      51
    ],
    [
      52,
      56
    ],
    [
      56,
      57
    ],
    [
      58,
      60
    ],
    [
      61,
      65
    ],
    [
      66,
      67
    ],
    [
      68,
      71
    ],
    [
      72,
      83
    ],
    [
      84,
      94
    ],
    [
      94,
      95
    ],
    [
      96,
      98
    ],
    [
      99,
      102
    ],
    [
      103,
      113
    ],
    [
      114,
      119
    ],
    [
      120,
      123
    ],
    [
      124,
      132
    ],
    [
      133,
      144
    ],
    [
      145,
      147
    ],
    [
      148,
      151
    ],
    [
      152,
      155
    ],
    [
      156,
      158
    ],
    [
      159,
      166
    ],
    [
      167,
      170
    ],
    [
      171,
      174
    ],
    [
      175,
      183
    ],
    [
      184,
      195
    ],
    [
      196,
      200
    ],
    [
      201,
      203
    ],
    [
      204,
      211
    ],
    [
      212,
      217
    ],
    [
      218,
      221
    ],
    [
      222,
      229
    ],
    [
      230,
      233
    ],
    [
      234,
      243
    ],
    [
      244,
      246
    ],
    [
      247,
      250
    ],
    [
      251,
      259
    ],
    [
      259,
      260
    ],
    [
      261,
      263
    ],
    [
      264,
      269
    ],
    [
      270,
      278
    ],
    [
      279,
      290
    ],
    [
      291,
      294
    ],
    [
      295,
      299
    ],
    [
      300,
      302
    ],
    [
      303,
      307
    ],
    [
      308,
      310
    ],
    [
      311,
      313
    ],
    [
      314,
      318
    ],
    [
      319,
      320
    ],
    [
      321,
      327
    ],
    [
      328,
      330
    ],
    [
      331,
      335
    ],
    [
      336,
      338
    ],
    [
      338,
      339
    ],
    [
      340,
      342
    ],
    [
      343,
      346
    ],
    [
      347,
      349
    ],
    [
      350,
      354
    ],
    [
      355,
      357
    ],
    [
      358,
      360
    ],
    [
      361,
      367
    ],
    [
      368,
      370
    ],
    [
      371,
      379
    ],
    [
      380,
      383
    ],
    [
      384,
      387
    ],
    [
      388,
      390
    ],
    [
      391,
      398
    ],
    [
      399,
      403
    ],
    [
      404,
      415
    ],
    [
      416,
      418
    ],
    [
      419,
      423
    ],
    [
      424,
      431
    ],
    [
      432,
      434
    ],
    [
      435,
      441
    ],
    [
      442,
      443
    ],
    [
      443,
      445
    ],
    [
      446,
      450
    ],
    [
      451,
      458
    ],
    [
      458,
      459
    ],
    [
      460,
      463
    ],
    [
      464,
      475
    ],
    [
      476,
      483
    ],
    [
      483,
      484
    ],
    [
      485,
      487
    ],
    [
      488,
      492
    ],
    [
      493,
      500
    ],
    [
      501,
      504
    ],
    [
      505,
      509
    ],
    [
      510,
      522
    ],
    [
      523,
      533
    ],
    [
      534,
      541
    ],
    [
      542,
      545
    ],
    [
      546,
      550
    ],
    [
      551,
      559
    ],
    [
      560,
      571
    ],
    [
      571,
      572
    ],
    [
      573,
      575
    ],
    [
      576,
      579
    ],
    [
      580,
      583
    ],
    [
      584,
      588
    ],
    [
      589,
      601
    ],
    [
      602,
      604
    ],
    [
      605,
      608
    ],
    [
      609,
      611
    ],
    [
      612,
      618
    ],
    [
      618,
      619
    ],
    [
      620,
      623
    ],
    [
      623,
      624
    ],
    [
      625,
      628
    ],
    [
      629,
      634
    ],
    [
      635,
      639
    ],
    [
      640,
      648
    ],
    [
      649,
      660
    ],
    [
      660,
      661
    ],
    [
      662,
      667
    ],
    [
      668,
      670
    ],
    [
      671,
      674
    ],
    [
      675,
      682
    ],
    [
      683,
      689
    ],
    [
      689,
      690
    ],
    [
      691,
      696
    ],
    [
      697,
      709
    ],
    [
      710,
      713
    ],
    [
      714,
      723
    ],
    [
      724,
      729
    ],
    [
      730,
      740
    ],
    [
      740,
      741
    ]
  ],
  "sent-token-ranges": [
    [
      0,
      7
    ],
    [
      8,
      18
    ],
    [
      19,
      46
    ],
    [
      47,
      63
    ],
    [
      64,
      92
    ],
    [
      93,
      105
    ],
    [
      106,
      123
    ],
    [
      124,
      136
    ]
  ],
  "entity/argument_mentions": [],
  "event_mentions": []
}