{
  "text": "Your Rights\n\nIf you are located in certain countries, including those that fall under the scope of the European General Data Protection Regulation (AKA the \u201cGDPR\u201d), data protection laws give you rights with respect to your personal data, subject to any exemptions provided by the law, including the rights to:\nRequest access to your personal data;\nRequest correction or deletion of your personal data;\nObject to our use and processing of your personal data;\nRequest that we limit our use and processing of your personal data; and\nRequest portability of your personal data.\nYou may email us at pocketac@gmail.com to access, correct, or delete your personal data. EU individuals also have the right to make a complaint to a government supervisory authority.\n\n",
  "words": [
    "Your",
    "Rights",
    "If",
    "you",
    "are",
    "located",
    "in",
    "certain",
    "countries",
    ",",
    "including",
    "those",
    "that",
    "fall",
    "under",
    "the",
    "scope",
    "of",
    "the",
    "European",
    "General",
    "Data",
    "Protection",
    "Regulation",
    "(",
    "AKA",
    "the",
    "\u201c",
    "GDPR",
    "\u201d",
    ")",
    ",",
    "data",
    "protection",
    "laws",
    "give",
    "you",
    "rights",
    "with",
    "respect",
    "to",
    "your",
    "personal",
    "data",
    ",",
    "subject",
    "to",
    "any",
    "exemptions",
    "provided",
    "by",
    "the",
    "law",
    ",",
    "including",
    "the",
    "rights",
    "to",
    ":",
    "Request",
    "access",
    "to",
    "your",
    "personal",
    "data",
    ";",
    "Request",
    "correction",
    "or",
    "deletion",
    "of",
    "your",
    "personal",
    "data",
    ";",
    "Object",
    "to",
    "our",
    "use",
    "and",
    "processing",
    "of",
    "your",
    "personal",
    "data",
    ";",
    "Request",
    "that",
    "we",
    "limit",
    "our",
    "use",
    "and",
    "processing",
    "of",
    "your",
    "personal",
    "data",
    ";",
    "and",
    "Request",
    "portability",
    "of",
    "your",
    "personal",
    "data",
    ".",
    "You",
    "may",
    "email",
    "us",
    "at",
    "pocketac@gmail.com",
    "to",
    "access",
    ",",
    "correct",
    ",",
    "or",
    "delete",
    "your",
    "personal",
    "data",
    ".",
    "EU",
    "individuals",
    "also",
    "have",
    "the",
    "right",
    "to",
    "make",
    "a",
    "complaint",
    "to",
    "a",
    "government",
    "supervisory",
    "authority",
    "."
  ],
  "lemma": [
    "you",
    "right",
    "if",
    "you",
    "be",
    "locate",
    "in",
    "certain",
    "country",
    ",",
    "include",
    "those",
    "that",
    "fall",
    "under",
    "the",
    "scope",
    "of",
    "the",
    "european",
    "General",
    "data",
    "Protection",
    "regulation",
    "(",
    "a.k.a.",
    "the",
    "\"",
    "Gdpr",
    "\"",
    ")",
    ",",
    "data",
    "protection",
    "law",
    "give",
    "you",
    "rights",
    "with",
    "respect",
    "to",
    "you",
    "personal",
    "data",
    ",",
    "subject",
    "to",
    "any",
    "exemption",
    "provide",
    "by",
    "the",
    "law",
    ",",
    "include",
    "the",
    "rights",
    "to",
    ":",
    "request",
    "access",
    "to",
    "you",
    "personal",
    "data",
    ";",
    "request",
    "correction",
    "or",
    "deletion",
    "of",
    "you",
    "personal",
    "data",
    ";",
    "object",
    "to",
    "we",
    "use",
    "and",
    "processing",
    "of",
    "you",
    "personal",
    "data",
    ";",
    "request",
    "that",
    "we",
    "limit",
    "we",
    "use",
    "and",
    "processing",
    "of",
    "you",
    "personal",
    "data",
    ";",
    "and",
    "request",
    "portability",
    "of",
    "you",
    "personal",
    "data",
    ".",
    "you",
    "may",
    "email",
    "we",
    "at",
    "pocketac@gmail.com",
    "to",
    "access",
    ",",
    "correct",
    ",",
    "or",
    "delete",
    "you",
    "personal",
    "data",
    ".",
    "EU",
    "individual",
    "also",
    "have",
    "the",
    "right",
    "to",
    "make",
    "a",
    "complaint",
    "to",
    "a",
    "government",
    "supervisory",
    "authority",
    "."
  ],
  "pos-tags": [
    "PRP$",
    "NNS",
    "IN",
    "PRP",
    "VBP",
    "VBN",
    "IN",
    "JJ",
    "NNS",
    ",",
    "VBG",
    "DT",
    "DT",
    "NN",
    "IN",
    "DT",
    "NN",
    "IN",
    "DT",
    "NNP",
    "NNP",
    "NNP",
    "NNP",
    "NNP",
    "-LRB-",
    "NNP",
    "DT",
    "``",
    "NN",
    "''",
    "-RRB-",
    ",",
    "NN",
    "NN",
    "NNS",
    "VBP",
    "PRP",
    "NNS",
    "IN",
    "NN",
    "IN",
    "PRP$",
    "JJ",
    "NN",
    ",",
    "NN",
    "IN",
    "DT",
    "NNS",
    "VBN",
    "IN",
    "DT",
    "NN",
    ",",
    "VBG",
    "DT",
    "NNS",
    "IN",
    ":",
    "NNP",
    "NN",
    "IN",
    "PRP$",
    "JJ",
    "NN",
    ",",
    "NN",
    "NN",
    "CC",
    "NN",
    "IN",
    "PRP$",
    "JJ",
    "NN",
    ",",
    "VB",
    "IN",
    "PRP$",
    "NN",
    "CC",
    "NN",
    "IN",
    "PRP$",
    "JJ",
    "NN",
    ",",
    "VB",
    "IN",
    "PRP",
    "VBP",
    "PRP$",
    "NN",
    "CC",
    "NN",
    "IN",
    "PRP$",
    "JJ",
    "NN",
    ",",
    "CC",
    "NN",
    "NN",
    "IN",
    "PRP$",
    "JJ",
    "NN",
    ".",
    "PRP",
    "MD",
    "VB",
    "PRP",
    "IN",
    "NN",
    "TO",
    "VB",
    ",",
    "JJ",
    ",",
    "CC",
    "VB",
    "PRP$",
    "JJ",
    "NN",
    ".",
    "NNP",
    "NNS",
    "RB",
    "VBP",
    "DT",
    "NN",
    "TO",
    "VB",
    "DT",
    "NN",
    "IN",
    "DT",
    "NN",
    "JJ",
    "NN",
    "."
  ],
  "dependency-relation": [
    "nmod:poss",
    "root",
    "mark",
    "nsubj:pass",
    "aux:pass",
    "advcl",
    "case",
    "amod",
    "obl",
    "punct",
    "case",
    "obl",
    "det",
    "appos",
    "case",
    "det",
    "nmod",
    "case",
    "det",
    "compound",
    "compound",
    "compound",
    "compound",
    "nmod",
    "punct",
    "appos",
    "det",
    "punct",
    "compound",
    "punct",
    "punct",
    "punct",
    "compound",
    "compound",
    "nsubj",
    "acl:relcl",
    "iobj",
    "obj",
    "case",
    "nmod",
    "case",
    "nmod:poss",
    "amod",
    "nmod",
    "punct",
    "root",
    "case",
    "det",
    "nmod",
    "acl",
    "case",
    "det",
    "obl",
    "punct",
    "case",
    "det",
    "nmod",
    "case",
    "punct",
    "compound",
    "compound",
    "case",
    "nmod:poss",
    "amod",
    "nmod",
    "punct",
    "nmod",
    "nmod",
    "cc",
    "conj",
    "case",
    "nmod:poss",
    "amod",
    "nmod",
    "punct",
    "appos",
    "case",
    "nmod:poss",
    "obl",
    "cc",
    "conj",
    "case",
    "nmod:poss",
    "amod",
    "nmod",
    "punct",
    "parataxis",
    "mark",
    "nsubj",
    "ccomp",
    "nmod:poss",
    "obj",
    "cc",
    "conj",
    "case",
    "nmod:poss",
    "amod",
    "nmod",
    "punct",
    "cc",
    "conj",
    "nmod",
    "case",
    "nmod:poss",
    "amod",
    "nmod",
    "punct",
    "nsubj",
    "aux",
    "root",
    "obj",
    "case",
    "obl",
    "mark",
    "acl",
    "punct",
    "conj",
    "punct",
    "cc",
    "conj",
    "nmod:poss",
    "amod",
    "obj",
    "punct",
    "compound",
    "nsubj",
    "advmod",
    "root",
    "det",
    "obj",
    "mark",
    "acl",
    "det",
    "obj",
    "case",
    "det",
    "compound",
    "amod",
    "obl",
    "punct"
  ],
  "token-ranges": [
    [
      0,
      4
    ],
    [
      5,
      11
    ],
    [
      13,
      15
    ],
    [
      16,
      19
    ],
    [
      20,
      23
    ],
    [
      24,
      31
    ],
    [
      32,
      34
    ],
    [
      35,
      42
    ],
    [
      43,
      52
    ],
    [
      52,
      53
    ],
    [
      54,
      63
    ],
    [
      64,
      69
    ],
    [
      70,
      74
    ],
    [
      75,
      79
    ],
    [
      80,
      85
    ],
    [
      86,
      89
    ],
    [
      90,
      95
    ],
    [
      96,
      98
    ],
    [
      99,
      102
    ],
    [
      103,
      111
    ],
    [
      112,
      119
    ],
    [
      120,
      124
    ],
    [
      125,
      135
    ],
    [
      136,
      146
    ],
    [
      147,
      148
    ],
    [
      148,
      151
    ],
    [
      152,
      155
    ],
    [
      156,
      157
    ],
    [
      157,
      161
    ],
    [
      161,
      162
    ],
    [
      162,
      163
    ],
    [
      163,
      164
    ],
    [
      165,
      169
    ],
    [
      170,
      180
    ],
    [
      181,
      185
    ],
    [
      186,
      190
    ],
    [
      191,
      194
    ],
    [
      195,
      201
    ],
    [
      202,
      206
    ],
    [
      207,
      214
    ],
    [
      215,
      217
    ],
    [
      218,
      222
    ],
    [
      223,
      231
    ],
    [
      232,
      236
    ],
    [
      236,
      237
    ],
    [
      238,
      245
    ],
    [
      246,
      248
    ],
    [
      249,
      252
    ],
    [
      253,
      263
    ],
    [
      264,
      272
    ],
    [
      273,
      275
    ],
    [
      276,
      279
    ],
    [
      280,
      283
    ],
    [
      283,
      284
    ],
    [
      285,
      294
    ],
    [
      295,
      298
    ],
    [
      299,
      305
    ],
    [
      306,
      308
    ],
    [
      308,
      309
    ],
    [
      310,
      317
    ],
    [
      318,
      324
    ],
    [
      325,
      327
    ],
    [
      328,
      332
    ],
    [
      333,
      341
    ],
    [
      342,
      346
    ],
    [
      346,
      347
    ],
    [
      348,
      355
    ],
    [
      356,
      366
    ],
    [
      367,
      369
    ],
    [
      370,
      378
    ],
    [
      379,
      381
    ],
    [
      382,
      386
    ],
    [
      387,
      395
    ],
    [
      396,
      400
    ],
    [
      400,
      401
    ],
    [
      402,
      408
    ],
    [
      409,
      411
    ],
    [
      412,
      415
    ],
    [
      416,
      419
    ],
    [
      420,
      423
    ],
    [
      424,
      434
    ],
    [
      435,
      437
    ],
    [
      438,
      442
    ],
    [
      443,
      451
    ],
    [
      452,
      456
    ],
    [
      456,
      457
    ],
    [
      458,
      465
    ],
    [
      466,
      470
    ],
    [
      471,
      473
    ],
    [
      474,
      479
    ],
    [
      480,
      483
    ],
    [
      484,
      487
    ],
    [
      488,
      491
    ],
    [
      492,
      502
    ],
    [
      503,
      505
    ],
    [
      506,
      510
    ],
    [
      511,
      519
    ],
    [
      520,
      524
    ],
    [
      524,
      525
    ],
    [
      526,
      529
    ],
    [
      530,
      537
    ],
    [
      538,
      549
    ],
    [
      550,
      552
    ],
    [
      553,
      557
    ],
    [
      558,
      566
    ],
    [
      567,
      571
    ],
    [
      571,
      572
    ],
    [
      573,
      576
    ],
    [
      577,
      580
    ],
    [
      581,
      586
    ],
    [
      587,
      589
    ],
    [
      590,
      592
    ],
    [
      593,
      611
    ],
    [
      612,
      614
    ],
    [
      615,
      621
    ],
    [
      621,
      622
    ],
    [
      623,
      630
    ],
    [
      630,
      631
    ],
    [
      632,
      634
    ],
    [
      635,
      641
    ],
    [
      642,
      646
    ],
    [
      647,
      655
    ],
    [
      656,
      660
    ],
    [
      660,
      661
    ],
    [
      662,
      664
    ],
    [
      665,
      676
    ],
    [
      677,
      681
    ],
    [
      682,
      686
    ],
    [
      687,
      690
    ],
    [
      691,
      696
    ],
    [
      697,
      699
    ],
    [
      700,
      704
    ],
    [
      705,
      706
    ],
    [
      707,
      716
    ],
    [
      717,
      719
    ],
    [
      720,
      721
    ],
    [
      722,
      732
    ],
    [
      733,
      744
    ],
    [
      745,
      754
    ],
    [
      754,
      755
    ]
  ],
  "sent-token-ranges": [
    [
      0,
      1
    ],
    [
      2,
      106
    ],
    [
      107,
      123
    ],
    [
      124,
      139
    ]
  ],
  "entity/argument_mentions": [],
  "event_mentions": []
}