{
  "text": "How to Reach Us\n\nIf you have a question about this Privacy Policy, or you would like to contact us about any of the rights mentioned in the Your Rights section above, please contact us.\n\n",
  "words": [
    "How",
    "to",
    "Reach",
    "Us",
    "If",
    "you",
    "have",
    "a",
    "question",
    "about",
    "this",
    "Privacy",
    "Policy",
    ",",
    "or",
    "you",
    "would",
    "like",
    "to",
    "contact",
    "us",
    "about",
    "any",
    "of",
    "the",
    "rights",
    "mentioned",
    "in",
    "the",
    "Your",
    "Rights",
    "section",
    "above",
    ",",
    "please",
    "contact",
    "us",
    "."
  ],
  "lemma": [
    "how",
    "to",
    "reach",
    "we",
    "if",
    "you",
    "have",
    "a",
    "question",
    "about",
    "this",
    "privacy",
    "policy",
    ",",
    "or",
    "you",
    "would",
    "like",
    "to",
    "contact",
    "we",
    "about",
    "any",
    "of",
    "the",
    "rights",
    "mention",
    "in",
    "the",
    "you",
    "rights",
    "section",
    "above",
    ",",
    "please",
    "contact",
    "we",
    "."
  ],
  "pos-tags": [
    "WRB",
    "TO",
    "VB",
    "PRP",
    "IN",
    "PRP",
    "VBP",
    "DT",
    "NN",
    "IN",
    "DT",
    "NN",
    "NN",
    ",",
    "CC",
    "PRP",
    "MD",
    "VB",
    "TO",
    "VB",
    "PRP",
    "IN",
    "DT",
    "IN",
    "DT",
    "NNS",
    "VBD",
    "IN",
    "DT",
    "PRP$",
    "NNS",
    "NN",
    "RB",
    ",",
    "UH",
    "VB",
    "PRP",
    "."
  ],
  "dependency-relation": [
    "advmod",
    "mark",
    "root",
    "obj",
    "mark",
    "nsubj",
    "advcl",
    "det",
    "obj",
    "case",
    "det",
    "compound",
    "nmod",
    "punct",
    "cc",
    "nsubj",
    "aux",
    "conj",
    "mark",
    "xcomp",
    "obj",
    "case",
    "obl",
    "case",
    "det",
    "nmod",
    "acl:relcl",
    "case",
    "det",
    "nmod:poss",
    "compound",
    "obl",
    "advmod",
    "punct",
    "discourse",
    "root",
    "obj",
    "punct"
  ],
  "token-ranges": [
    [
      0,
      3
    ],
    [
      4,
      6
    ],
    [
      7,
      12
    ],
    [
      13,
      15
    ],
    [
      17,
      19
    ],
    [
      20,
      23
    ],
    [
      24,
      28
    ],
    [
      29,
      30
    ],
    [
      31,
      39
    ],
    [
      40,
      45
    ],
    [
      46,
      50
    ],
    [
      51,
      58
    ],
    [
      59,
      65
    ],
    [
      65,
      66
    ],
    [
      67,
      69
    ],
    [
      70,
      73
    ],
    [
      74,
      79
    ],
    [
      80,
      84
    ],
    [
      85,
      87
    ],
    [
      88,
      95
    ],
    [
      96,
      98
    ],
    [
      99,
      104
    ],
    [
      105,
      108
    ],
    [
      109,
      111
    ],
    [
      112,
      115
    ],
    [
      116,
      122
    ],
    [
      123,
      132
    ],
    [
      133,
      135
    ],
    [
      136,
      139
    ],
    [
      140,
      144
    ],
    [
      145,
      151
    ],
    [
      152,
      159
    ],
    [
      160,
      165
    ],
    [
      165,
      166
    ],
    [
      167,
      173
    ],
    [
      174,
      181
    ],
    [
      182,
      184
    ],
    [
      184,
      185
    ]
  ],
  "sent-token-ranges": [
    [
      0,
      3
    ],
    [
      4,
      37
    ]
  ],
  "entity/argument_mentions": [],
  "event_mentions": []
}