{
  "text": "Other Things You Should Know (Keep Reading!)\n\n\n",
  "words": [
    "Other",
    "Things",
    "You",
    "Should",
    "Know",
    "(",
    "Keep",
    "Reading",
    "!",
    ")"
  ],
  "lemma": [
    "other",
    "thing",
    "you",
    "should",
    "know",
    "(",
    "keep",
    "reading",
    "!",
    ")"
  ],
  "pos-tags": [
    "JJ",
    "NNS",
    "PRP",
    "MD",
    "VB",
    "-LRB-",
    "VB",
    "NN",
    ".",
    "-RRB-"
  ],
  "dependency-relation": [
    "amod",
    "root",
    "nsubj",
    "aux",
    "acl:relcl",
    "punct",
    "parataxis",
    "obj",
    "punct",
    "punct"
  ],
  "token-ranges": [
    [
      0,
      5
    ],
    [
      6,
      12
    ],
    [
      13,
      16
    ],
    [
      17,
      23
    ],
    [
      24,
      28
    ],
    [
      29,
      30
    ],
    [
      30,
      34
    ],
    [
      35,
      42
    ],
    [
      42,
      43
    ],
    [
      43,
      44
    ]
  ],
  "sent-token-ranges": [
    [
      0,
      9
    ]
  ],
  "entity/argument_mentions": [],
  "event_mentions": []
}