{
  "text": "Privacy Policy Changes\n\nAlthough most changes are likely to be minor, Exim Labs may change its Privacy Policy from time to time. Exim Labs encourages visitors to frequently check this page for any changes to its Privacy Policy. Your further use of Pocket AC after a change to our Privacy Policy will be subject to the updated policy. That\u2019s it! Thanks for reading. time to time, and in Exim Labs\u2019 sole discretion. Exim Labs encourages visitors to frequently check this page for any changes to its Privacy Policy. Your continued use of this application after any change in this Privacy Policy will constitute your acceptance of such change.\n\n",
  "words": [
    "Privacy",
    "Policy",
    "Changes",
    "Although",
    "most",
    "changes",
    "are",
    "likely",
    "to",
    "be",
    "minor",
    ",",
    "Exim",
    "Labs",
    "may",
    "change",
    "its",
    "Privacy",
    "Policy",
    "from",
    "time",
    "to",
    "time",
    ".",
    "Exim",
    "Labs",
    "encourages",
    "visitors",
    "to",
    "frequently",
    "check",
    "this",
    "page",
    "for",
    "any",
    "changes",
    "to",
    "its",
    "Privacy",
    "Policy",
    ".",
    "Your",
    "further",
    "use",
    "of",
    "Pocket",
    "AC",
    "after",
    "a",
    "change",
    "to",
    "our",
    "Privacy",
    "Policy",
    "will",
    "be",
    "subject",
    "to",
    "the",
    "updated",
    "policy",
    ".",
    "That",
    "\u2019s",
    "it",
    "!",
    "Thanks",
    "for",
    "reading",
    ".",
    "time",
    "to",
    "time",
    ",",
    "and",
    "in",
    "Exim",
    "Labs",
    "\u2019",
    "sole",
    "discretion",
    ".",
    "Exim",
    "Labs",
    "encourages",
    "visitors",
    "to",
    "frequently",
    "check",
    "this",
    "page",
    "for",
    "any",
    "changes",
    "to",
    "its",
    "Privacy",
    "Policy",
    ".",
    "Your",
    "continued",
    "use",
    "of",
    "this",
    "application",
    "after",
    "any",
    "change",
    "in",
    "this",
    "Privacy",
    "Policy",
    "will",
    "constitute",
    "your",
    "acceptance",
    "of",
    "such",
    "change",
    "."
  ],
  "lemma": [
    "privacy",
    "policy",
    "change",
    "although",
    "most",
    "change",
    "be",
    "likely",
    "to",
    "be",
    "minor",
    ",",
    "Exim",
    "labs",
    "may",
    "change",
    "its",
    "privacy",
    "policy",
    "from",
    "time",
    "to",
    "time",
    ".",
    "Exim",
    "labs",
    "encourage",
    "visitor",
    "to",
    "frequently",
    "check",
    "this",
    "page",
    "for",
    "any",
    "change",
    "to",
    "its",
    "privacy",
    "policy",
    ".",
    "you",
    "further",
    "use",
    "of",
    "pocket",
    "AC",
    "after",
    "a",
    "change",
    "to",
    "we",
    "privacy",
    "policy",
    "will",
    "be",
    "subject",
    "to",
    "the",
    "updated",
    "policy",
    ".",
    "that",
    "be",
    "it",
    "!",
    "thanks",
    "for",
    "reading",
    ".",
    "time",
    "to",
    "time",
    ",",
    "and",
    "in",
    "Exim",
    "labs",
    "'s",
    "sole",
    "discretion",
    ".",
    "Exim",
    "labs",
    "encourage",
    "visitor",
    "to",
    "frequently",
    "check",
    "this",
    "page",
    "for",
    "any",
    "change",
    "to",
    "its",
    "privacy",
    "policy",
    ".",
    "you",
    "continue",
    "use",
    "of",
    "this",
    "application",
    "after",
    "any",
    "change",
    "in",
    "this",
    "privacy",
    "policy",
    "will",
    "constitute",
    "you",
    "acceptance",
    "of",
    "such",
    "change",
    "."
  ],
  "pos-tags": [
    "NN",
    "NN",
    "NNS",
    "IN",
    "JJS",
    "NNS",
    "VBP",
    "JJ",
    "TO",
    "VB",
    "JJ",
    ",",
    "NNP",
    "NNP",
    "MD",
    "VB",
    "PRP$",
    "NN",
    "NN",
    "IN",
    "NN",
    "IN",
    "NN",
    ".",
    "NNP",
    "NNP",
    "VBZ",
    "NNS",
    "TO",
    "RB",
    "VB",
    "DT",
    "NN",
    "IN",
    "DT",
    "NNS",
    "IN",
    "PRP$",
    "NN",
    "NN",
    ".",
    "PRP$",
    "JJ",
    "NN",
    "IN",
    "NNP",
    "NNP",
    "IN",
    "DT",
    "NN",
    "IN",
    "PRP$",
    "NN",
    "NN",
    "MD",
    "VB",
    "JJ",
    "IN",
    "DT",
    "VBN",
    "NN",
    ".",
    "DT",
    "VBZ",
    "PRP",
    ".",
    "NN",
    "IN",
    "NN",
    ".",
    "NN",
    "IN",
    "NN",
    ",",
    "CC",
    "IN",
    "NNP",
    "NNPS",
    "POS",
    "JJ",
    "NN",
    ".",
    "NNP",
    "NNP",
    "VBZ",
    "NNS",
    "TO",
    "RB",
    "VB",
    "DT",
    "NN",
    "IN",
    "DT",
    "NNS",
    "IN",
    "PRP$",
    "NN",
    "NN",
    ".",
    "PRP$",
    "VBD",
    "NN",
    "IN",
    "DT",
    "NN",
    "IN",
    "DT",
    "NN",
    "IN",
    "DT",
    "NN",
    "NN",
    "MD",
    "VB",
    "PRP$",
    "NN",
    "IN",
    "JJ",
    "NN",
    "."
  ],
  "dependency-relation": [
    "compound",
    "compound",
    "root",
    "mark",
    "amod",
    "nsubj",
    "cop",
    "advcl",
    "mark",
    "cop",
    "xcomp",
    "punct",
    "compound",
    "nsubj",
    "aux",
    "root",
    "nmod:poss",
    "compound",
    "obj",
    "case",
    "obl",
    "case",
    "obl",
    "punct",
    "nsubj",
    "flat",
    "root",
    "obj",
    "mark",
    "advmod",
    "advcl",
    "det",
    "obj",
    "case",
    "det",
    "obl",
    "case",
    "nmod:poss",
    "compound",
    "nmod",
    "punct",
    "nmod:poss",
    "amod",
    "nsubj",
    "case",
    "nmod",
    "flat",
    "case",
    "det",
    "nmod",
    "case",
    "nmod:poss",
    "compound",
    "nmod",
    "aux",
    "cop",
    "root",
    "case",
    "det",
    "amod",
    "obl",
    "punct",
    "nsubj",
    "root",
    "obj",
    "punct",
    "root",
    "case",
    "nmod",
    "punct",
    "root",
    "case",
    "nmod",
    "punct",
    "cc",
    "case",
    "compound",
    "nmod:poss",
    "case",
    "amod",
    "conj",
    "punct",
    "nsubj",
    "flat",
    "root",
    "obj",
    "mark",
    "advmod",
    "advcl",
    "det",
    "obj",
    "case",
    "det",
    "obl",
    "case",
    "nmod:poss",
    "compound",
    "nmod",
    "punct",
    "nmod:poss",
    "csubj",
    "obj",
    "case",
    "det",
    "nmod",
    "case",
    "det",
    "obl",
    "case",
    "det",
    "compound",
    "nmod",
    "aux",
    "root",
    "nmod:poss",
    "obj",
    "case",
    "amod",
    "nmod",
    "punct"
  ],
  "token-ranges": [
    [
      0,
      7
    ],
    [
      8,
      14
    ],
    [
      15,
      22
    ],
    [
      24,
      32
    ],
    [
      33,
      37
    ],
    [
      38,
      45
    ],
    [
      46,
      49
    ],
    [
      50,
      56
    ],
    [
      57,
      59
    ],
    [
      60,
      62
    ],
    [
      63,
      68
    ],
    [
      68,
      69
    ],
    [
      70,
      74
    ],
    [
      75,
      79
    ],
    [
      80,
      83
    ],
    [
      84,
      90
    ],
    [
      91,
      94
    ],
    [
      95,
      102
    ],
    [
      103,
      109
    ],
    [
      110,
      114
    ],
    [
      115,
      119
    ],
    [
      120,
      122
    ],
    [
      123,
      127
    ],
    [
      127,
      128
    ],
    [
      129,
      133
    ],
    [
      134,
      138
    ],
    [
      139,
      149
    ],
    [
      150,
      158
    ],
    [
      159,
      161
    ],
    [
      162,
      172
    ],
    [
      173,
      178
    ],
    [
      179,
      183
    ],
    [
      184,
      188
    ],
    [
      189,
      192
    ],
    [
      193,
      196
    ],
    [
      197,
      204
    ],
    [
      205,
      207
    ],
    [
      208,
      211
    ],
    [
      212,
      219
    ],
    [
      220,
      226
    ],
    [
      226,
      227
    ],
    [
      228,
      232
    ],
    [
      233,
      240
    ],
    [
      241,
      244
    ],
    [
      245,
      247
    ],
    [
      248,
      254
    ],
    [
      255,
      257
    ],
    [
      258,
      263
    ],
    [
      264,
      265
    ],
    [
      266,
      272
    ],
    [
      273,
      275
    ],
    [
      276,
      279
    ],
    [
      280,
      287
    ],
    [
      288,
      294
    ],
    [
      295,
      299
    ],
    [
      300,
      302
    ],
    [
      303,
      310
    ],
    [
      311,
      313
    ],
    [
      314,
      317
    ],
    [
      318,
      325
    ],
    [
      326,
      332
    ],
    [
      332,
      333
    ],
    [
      334,
      338
    ],
    [
      338,
      340
    ],
    [
      341,
      343
    ],
    [
      343,
      344
    ],
    [
      345,
      351
    ],
    [
      352,
      355
    ],
    [
      356,
      363
    ],
    [
      363,
      364
    ],
    [
      365,
      369
    ],
    [
      370,
      372
    ],
    [
      373,
      377
    ],
    [
      377,
      378
    ],
    [
      379,
      382
    ],
    [
      383,
      385
    ],
    [
      386,
      390
    ],
    [
      391,
      395
    ],
    [
      395,
      396
    ],
    [
      397,
      401
    ],
    [
      402,
      412
    ],
    [
      412,
      413
    ],
    [
      414,
      418
    ],
    [
      419,
      423
    ],
    [
      424,
      434
    ],
    [
      435,
      443
    ],
    [
      444,
      446
    ],
    [
      447,
      457
    ],
    [
      458,
      463
    ],
    [
      464,
      468
    ],
    [
      469,
      473
    ],
    [
      474,
      477
    ],
    [
      478,
      481
    ],
    [
      482,
      489
    ],
    [
      490,
      492
    ],
    [
      493,
      496
    ],
    [
      497,
      504
    ],
    [
      505,
      511
    ],
    [
      511,
      512
    ],
    [
      513,
      517
    ],
    [
      518,
      527
    ],
    [
      528,
      531
    ],
    [
      532,
      534
    ],
    [
      535,
      539
    ],
    [
      540,
      551
    ],
    [
      552,
      557
    ],
    [
      558,
      561
    ],
    [
      562,
      568
    ],
    [
      569,
      571
    ],
    [
      572,
      576
    ],
    [
      577,
      584
    ],
    [
      585,
      591
    ],
    [
      592,
      596
    ],
    [
      597,
      607
    ],
    [
      608,
      612
    ],
    [
      613,
      623
    ],
    [
      624,
      626
    ],
    [
      627,
      631
    ],
    [
      632,
      638
    ],
    [
      638,
      639
    ]
  ],
  "sent-token-ranges": [
    [
      0,
      2
    ],
    [
      3,
      23
    ],
    [
      24,
      40
    ],
    [
      41,
      61
    ],
    [
      62,
      65
    ],
    [
      66,
      69
    ],
    [
      70,
      81
    ],
    [
      82,
      98
    ],
    [
      99,
      119
    ]
  ],
  "entity/argument_mentions": [],
  "event_mentions": []
}