{
  "text": "How And Why We Use Information\n\n\n",
  "words": [
    "How",
    "And",
    "Why",
    "We",
    "Use",
    "Information"
  ],
  "lemma": [
    "how",
    "and",
    "why",
    "we",
    "use",
    "information"
  ],
  "pos-tags": [
    "WRB",
    "CC",
    "WRB",
    "PRP",
    "VBP",
    "NN"
  ],
  "dependency-relation": [
    "root",
    "cc",
    "advmod",
    "nsubj",
    "conj",
    "obj"
  ],
  "token-ranges": [
    [
      0,
      3
    ],
    [
      4,
      7
    ],
    [
      8,
      11
    ],
    [
      12,
      14
    ],
    [
      15,
      18
    ],
    [
      19,
      30
    ]
  ],
  "sent-token-ranges": [
    [
      0,
      5
    ]
  ],
  "entity/argument_mentions": [],
  "event_mentions": []
}