{
  "text": "ACCESSING, UPDATING, AND MANAGING YOUR INFORMATION\n\nBagelcode enables you to access a wide range of information about your account and your interactions with Bagelcode Services. You may contact us about your information and your intentions for limiting the use and disclosure of your information by emailing us at support@bagelcode.com .\n\n",
  "words": [
    "ACCESSING",
    ",",
    "UPDATING",
    ",",
    "AND",
    "MANAGING",
    "YOUR",
    "INFORMATION",
    "Bagelcode",
    "enables",
    "you",
    "to",
    "access",
    "a",
    "wide",
    "range",
    "of",
    "information",
    "about",
    "your",
    "account",
    "and",
    "your",
    "interactions",
    "with",
    "Bagelcode",
    "Services",
    ".",
    "You",
    "may",
    "contact",
    "us",
    "about",
    "your",
    "information",
    "and",
    "your",
    "intentions",
    "for",
    "limiting",
    "the",
    "use",
    "and",
    "disclosure",
    "of",
    "your",
    "information",
    "by",
    "emailing",
    "us",
    "at",
    "support@bagelcode.com",
    "."
  ],
  "lemma": [
    "accessing",
    ",",
    "Updating",
    ",",
    "and",
    "manage",
    "you",
    "information",
    "Bagelcode",
    "enable",
    "you",
    "to",
    "access",
    "a",
    "wide",
    "range",
    "of",
    "information",
    "about",
    "you",
    "account",
    "and",
    "you",
    "interaction",
    "with",
    "Bagelcode",
    "service",
    ".",
    "you",
    "may",
    "contact",
    "we",
    "about",
    "you",
    "information",
    "and",
    "you",
    "intention",
    "for",
    "limit",
    "the",
    "use",
    "and",
    "disclosure",
    "of",
    "you",
    "information",
    "by",
    "email",
    "we",
    "at",
    "support@bagelcode.com",
    "."
  ],
  "pos-tags": [
    "NNP",
    ",",
    "NNP",
    ",",
    "CC",
    "VBG",
    "PRP$",
    "NN",
    "NN",
    "VBZ",
    "PRP",
    "TO",
    "VB",
    "DT",
    "JJ",
    "NN",
    "IN",
    "NN",
    "IN",
    "PRP$",
    "NN",
    "CC",
    "PRP$",
    "NNS",
    "IN",
    "NN",
    "NNS",
    ".",
    "PRP",
    "MD",
    "VB",
    "PRP",
    "IN",
    "PRP$",
    "NN",
    "CC",
    "PRP$",
    "NNS",
    "IN",
    "VBG",
    "DT",
    "NN",
    "CC",
    "NN",
    "IN",
    "PRP$",
    "NN",
    "IN",
    "VBG",
    "PRP",
    "IN",
    "NN",
    "."
  ],
  "dependency-relation": [
    "root",
    "punct",
    "conj",
    "punct",
    "cc",
    "conj",
    "nmod:poss",
    "obj",
    "nsubj",
    "root",
    "obj",
    "mark",
    "xcomp",
    "det",
    "amod",
    "obj",
    "case",
    "nmod",
    "case",
    "nmod:poss",
    "nmod",
    "cc",
    "nmod:poss",
    "conj",
    "case",
    "compound",
    "nmod",
    "punct",
    "nsubj",
    "aux",
    "root",
    "obj",
    "case",
    "nmod:poss",
    "obl",
    "cc",
    "nmod:poss",
    "conj",
    "mark",
    "acl",
    "det",
    "obj",
    "cc",
    "conj",
    "case",
    "nmod:poss",
    "nmod",
    "mark",
    "advcl",
    "obj",
    "case",
    "obl",
    "punct"
  ],
  "token-ranges": [
    [
      0,
      9
    ],
    [
      9,
      10
    ],
    [
      11,
      19
    ],
    [
      19,
      20
    ],
    [
      21,
      24
    ],
    [
      25,
      33
    ],
    [
      34,
      38
    ],
    [
      39,
      50
    ],
    [
      52,
      61
    ],
    [
      62,
      69
    ],
    [
      70,
      73
    ],
    [
      74,
      76
    ],
    [
      77,
      83
    ],
    [
      84,
      85
    ],
    [
      86,
      90
    ],
    [
      91,
      96
    ],
    [
      97,
      99
    ],
    [
      100,
      111
    ],
    [
      112,
      117
    ],
    [
      118,
      122
    ],
    [
      123,
      130
    ],
    [
      131,
      134
    ],
    [
      135,
      139
    ],
    [
      140,
      152
    ],
    [
      153,
      157
    ],
    [
      158,
      167
    ],
    [
      168,
      176
    ],
    [
      176,
      177
    ],
    [
      178,
      181
    ],
    [
      182,
      185
    ],
    [
      186,
      193
    ],
    [
      194,
      196
    ],
    [
      197,
      202
    ],
    [
      203,
      207
    ],
    [
      208,
      219
    ],
    [
      220,
      223
    ],
    [
      224,
      228
    ],
    [
      229,
      239
    ],
    [
      240,
      243
    ],
    [
      244,
      252
    ],
    [
      253,
      256
    ],
    [
      257,
      260
    ],
    [
      261,
      264
    ],
    [
      265,
      275
    ],
    [
      276,
      278
    ],
    [
      279,
      283
    ],
    [
      284,
      295
    ],
    [
      296,
      298
    ],
    [
      299,
      307
    ],
    [
      308,
      310
    ],
    [
      311,
      313
    ],
    [
      314,
      335
    ],
    [
      336,
      337
    ]
  ],
  "sent-token-ranges": [
    [
      0,
      7
    ],
    [
      8,
      27
    ],
    [
      28,
      52
    ]
  ],
  "entity/argument_mentions": [],
  "event_mentions": []
}