{
  "text": "Cookies, Online Advertising and Analytics:\n\nPlease refer to your browser settings and help section to learn about blocking, erasing or being notified of cookies. However, because cookies allow you to take advantage of some of Bagelcode Services' essential features, we recommend that you leave cookies turned on. For example, you may not be able make purchases on Bagelcode Services without having cookies turned on. To opt out of receiving personalized advertising from many ad networks, data exchanges, marketing analytics and other services providers, please visit aboutads.info .\n\n",
  "words": [
    "Cookies",
    ",",
    "Online",
    "Advertising",
    "and",
    "Analytics",
    ":",
    "Please",
    "refer",
    "to",
    "your",
    "browser",
    "settings",
    "and",
    "help",
    "section",
    "to",
    "learn",
    "about",
    "blocking",
    ",",
    "erasing",
    "or",
    "being",
    "notified",
    "of",
    "cookies",
    ".",
    "However",
    ",",
    "because",
    "cookies",
    "allow",
    "you",
    "to",
    "take",
    "advantage",
    "of",
    "some",
    "of",
    "Bagelcode",
    "Services",
    "'",
    "essential",
    "features",
    ",",
    "we",
    "recommend",
    "that",
    "you",
    "leave",
    "cookies",
    "turned",
    "on",
    ".",
    "For",
    "example",
    ",",
    "you",
    "may",
    "not",
    "be",
    "able",
    "make",
    "purchases",
    "on",
    "Bagelcode",
    "Services",
    "without",
    "having",
    "cookies",
    "turned",
    "on",
    ".",
    "To",
    "opt",
    "out",
    "of",
    "receiving",
    "personalized",
    "advertising",
    "from",
    "many",
    "ad",
    "networks",
    ",",
    "data",
    "exchanges",
    ",",
    "marketing",
    "analytics",
    "and",
    "other",
    "services",
    "providers",
    ",",
    "please",
    "visit",
    "aboutads.info",
    "."
  ],
  "lemma": [
    "cookie",
    ",",
    "Online",
    "advertising",
    "and",
    "Analytic",
    ":",
    "please",
    "refer",
    "to",
    "you",
    "browser",
    "setting",
    "and",
    "help",
    "section",
    "to",
    "learn",
    "about",
    "blocking",
    ",",
    "erase",
    "or",
    "be",
    "notify",
    "of",
    "cookie",
    ".",
    "however",
    ",",
    "because",
    "cookie",
    "allow",
    "you",
    "to",
    "take",
    "advantage",
    "of",
    "some",
    "of",
    "Bagelcode",
    "service",
    "'",
    "essential",
    "feature",
    ",",
    "we",
    "recommend",
    "that",
    "you",
    "leave",
    "cookie",
    "turn",
    "on",
    ".",
    "for",
    "example",
    ",",
    "you",
    "may",
    "not",
    "be",
    "able",
    "make",
    "purchase",
    "on",
    "Bagelcode",
    "Services",
    "without",
    "have",
    "cookie",
    "turn",
    "on",
    ".",
    "to",
    "opt",
    "out",
    "of",
    "receive",
    "personalize",
    "advertising",
    "from",
    "many",
    "ad",
    "network",
    ",",
    "data",
    "exchange",
    ",",
    "marketing",
    "analytic",
    "and",
    "other",
    "service",
    "provider",
    ",",
    "please",
    "visit",
    "aboutads.info",
    "."
  ],
  "pos-tags": [
    "NNS",
    ",",
    "NNP",
    "NNP",
    "CC",
    "NNS",
    ":",
    "UH",
    "VB",
    "IN",
    "PRP$",
    "NN",
    "NNS",
    "CC",
    "NN",
    "NN",
    "TO",
    "VB",
    "IN",
    "NN",
    ",",
    "VBG",
    "CC",
    "VBG",
    "VBN",
    "IN",
    "NNS",
    ".",
    "RB",
    ",",
    "IN",
    "NNS",
    "VBP",
    "PRP",
    "TO",
    "VB",
    "NN",
    "IN",
    "DT",
    "IN",
    "NN",
    "NNS",
    "POS",
    "JJ",
    "NNS",
    ",",
    "PRP",
    "VBP",
    "IN",
    "PRP",
    "VBP",
    "NNS",
    "VBD",
    "RP",
    ".",
    "IN",
    "NN",
    ",",
    "PRP",
    "MD",
    "RB",
    "VB",
    "JJ",
    "VB",
    "NNS",
    "IN",
    "NN",
    "NNS",
    "IN",
    "VBG",
    "NNS",
    "VBD",
    "RP",
    ".",
    "TO",
    "VB",
    "IN",
    "IN",
    "VBG",
    "VBN",
    "NN",
    "IN",
    "JJ",
    "NN",
    "NNS",
    ",",
    "NN",
    "NNS",
    ",",
    "NN",
    "NNS",
    "CC",
    "JJ",
    "NNS",
    "NNS",
    ",",
    "UH",
    "VB",
    "IN",
    "."
  ],
  "dependency-relation": [
    "root",
    "punct",
    "compound",
    "conj",
    "cc",
    "conj",
    "punct",
    "discourse",
    "root",
    "case",
    "nmod:poss",
    "compound",
    "obl",
    "cc",
    "compound",
    "conj",
    "mark",
    "acl",
    "case",
    "obl",
    "punct",
    "conj",
    "cc",
    "aux:pass",
    "conj",
    "case",
    "obl",
    "punct",
    "advmod",
    "punct",
    "mark",
    "nsubj",
    "advcl",
    "obj",
    "mark",
    "xcomp",
    "obj",
    "case",
    "obl",
    "case",
    "compound",
    "nmod:poss",
    "case",
    "amod",
    "nmod",
    "punct",
    "nsubj",
    "root",
    "mark",
    "nsubj",
    "ccomp",
    "obj",
    "ccomp",
    "compound:prt",
    "punct",
    "case",
    "obl",
    "punct",
    "nsubj",
    "aux",
    "advmod",
    "cop",
    "root",
    "ccomp",
    "obj",
    "case",
    "compound",
    "nmod",
    "mark",
    "advcl",
    "nsubj",
    "ccomp",
    "compound:prt",
    "punct",
    "mark",
    "advcl",
    "compound:prt",
    "mark",
    "advcl",
    "amod",
    "obj",
    "case",
    "amod",
    "compound",
    "obl",
    "punct",
    "compound",
    "conj",
    "punct",
    "compound",
    "conj",
    "cc",
    "amod",
    "compound",
    "conj",
    "punct",
    "discourse",
    "root",
    "compound:prt",
    "punct"
  ],
  "token-ranges": [
    [
      0,
      7
    ],
    [
      7,
      8
    ],
    [
      9,
      15
    ],
    [
      16,
      27
    ],
    [
      28,
      31
    ],
    [
      32,
      41
    ],
    [
      41,
      42
    ],
    [
      44,
      50
    ],
    [
      51,
      56
    ],
    [
      57,
      59
    ],
    [
      60,
      64
    ],
    [
      65,
      72
    ],
    [
      73,
      81
    ],
    [
      82,
      85
    ],
    [
      86,
      90
    ],
    [
      91,
      98
    ],
    [
      99,
      101
    ],
    [
      102,
      107
    ],
    [
      108,
      113
    ],
    [
      114,
      122
    ],
    [
      122,
      123
    ],
    [
      124,
      131
    ],
    [
      132,
      134
    ],
    [
      135,
      140
    ],
    [
      141,
      149
    ],
    [
      150,
      152
    ],
    [
      153,
      160
    ],
    [
      160,
      161
    ],
    [
      162,
      169
    ],
    [
      169,
      170
    ],
    [
      171,
      178
    ],
    [
      179,
      186
    ],
    [
      187,
      192
    ],
    [
      193,
      196
    ],
    [
      197,
      199
    ],
    [
      200,
      204
    ],
    [
      205,
      214
    ],
    [
      215,
      217
    ],
    [
      218,
      222
    ],
    [
      223,
      225
    ],
    [
      226,
      235
    ],
    [
      236,
      244
    ],
    [
      244,
      245
    ],
    [
      246,
      255
    ],
    [
      256,
      264
    ],
    [
      264,
      265
    ],
    [
      266,
      268
    ],
    [
      269,
      278
    ],
    [
      279,
      283
    ],
    [
      284,
      287
    ],
    [
      288,
      293
    ],
    [
      294,
      301
    ],
    [
      302,
      308
    ],
    [
      309,
      311
    ],
    [
      311,
      312
    ],
    [
      313,
      316
    ],
    [
      317,
      324
    ],
    [
      324,
      325
    ],
    [
      326,
      329
    ],
    [
      330,
      333
    ],
    [
      334,
      337
    ],
    [
      338,
      340
    ],
    [
      341,
      345
    ],
    [
      346,
      350
    ],
    [
      351,
      360
    ],
    [
      361,
      363
    ],
    [
      364,
      373
    ],
    [
      374,
      382
    ],
    [
      383,
      390
    ],
    [
      391,
      397
    ],
    [
      398,
      405
    ],
    [
      406,
      412
    ],
    [
      413,
      415
    ],
    [
      415,
      416
    ],
    [
      417,
      419
    ],
    [
      420,
      423
    ],
    [
      424,
      427
    ],
    [
      428,
      430
    ],
    [
      431,
      440
    ],
    [
      441,
      453
    ],
    [
      454,
      465
    ],
    [
      466,
      470
    ],
    [
      471,
      475
    ],
    [
      476,
      478
    ],
    [
      479,
      487
    ],
    [
      487,
      488
    ],
    [
      489,
      493
    ],
    [
      494,
      503
    ],
    [
      503,
      504
    ],
    [
      505,
      514
    ],
    [
      515,
      524
    ],
    [
      525,
      528
    ],
    [
      529,
      534
    ],
    [
      535,
      543
    ],
    [
      544,
      553
    ],
    [
      553,
      554
    ],
    [
      555,
      561
    ],
    [
      562,
      567
    ],
    [
      568,
      581
    ],
    [
      582,
      583
    ]
  ],
  "sent-token-ranges": [
    [
      0,
      6
    ],
    [
      7,
      27
    ],
    [
      28,
      54
    ],
    [
      55,
      73
    ],
    [
      74,
      99
    ]
  ],
  "entity/argument_mentions": [],
  "event_mentions": []
}