{
  "text": "Mobile Advertising:\n\nMost mobile devices provide the ability to opt out of the collection and use of information from the apps you use for purposes of serving ads targeted to your interests. For more information, and to exercise these choices, consult the settings on your device.\n\n",
  "words": [
    "Mobile",
    "Advertising",
    ":",
    "Most",
    "mobile",
    "devices",
    "provide",
    "the",
    "ability",
    "to",
    "opt",
    "out",
    "of",
    "the",
    "collection",
    "and",
    "use",
    "of",
    "information",
    "from",
    "the",
    "apps",
    "you",
    "use",
    "for",
    "purposes",
    "of",
    "serving",
    "ads",
    "targeted",
    "to",
    "your",
    "interests",
    ".",
    "For",
    "more",
    "information",
    ",",
    "and",
    "to",
    "exercise",
    "these",
    "choices",
    ",",
    "consult",
    "the",
    "settings",
    "on",
    "your",
    "device",
    "."
  ],
  "lemma": [
    "Mobile",
    "advertising",
    ":",
    "most",
    "mobile",
    "device",
    "provide",
    "the",
    "ability",
    "to",
    "opt",
    "out",
    "of",
    "the",
    "collection",
    "and",
    "use",
    "of",
    "information",
    "from",
    "the",
    "app",
    "you",
    "use",
    "for",
    "purpose",
    "of",
    "serving",
    "ad",
    "target",
    "to",
    "you",
    "interest",
    ".",
    "for",
    "more",
    "information",
    ",",
    "and",
    "to",
    "exercise",
    "these",
    "choice",
    ",",
    "consult",
    "the",
    "setting",
    "on",
    "you",
    "device",
    "."
  ],
  "pos-tags": [
    "JJ",
    "NN",
    ":",
    "JJS",
    "JJ",
    "NNS",
    "VBP",
    "DT",
    "NN",
    "TO",
    "VB",
    "IN",
    "IN",
    "DT",
    "NN",
    "CC",
    "NN",
    "IN",
    "NN",
    "IN",
    "DT",
    "NNS",
    "PRP",
    "VBP",
    "IN",
    "NNS",
    "IN",
    "VBG",
    "NNS",
    "VBN",
    "IN",
    "PRP$",
    "NNS",
    ".",
    "IN",
    "JJR",
    "NN",
    ",",
    "CC",
    "TO",
    "VB",
    "DT",
    "NNS",
    ",",
    "VB",
    "DT",
    "NNS",
    "IN",
    "PRP$",
    "NN",
    "."
  ],
  "dependency-relation": [
    "amod",
    "root",
    "punct",
    "amod",
    "amod",
    "nsubj",
    "root",
    "det",
    "obj",
    "mark",
    "acl",
    "case",
    "case",
    "det",
    "obl",
    "cc",
    "conj",
    "case",
    "nmod",
    "case",
    "det",
    "nmod",
    "nsubj",
    "acl:relcl",
    "case",
    "obl",
    "mark",
    "acl",
    "obj",
    "acl",
    "case",
    "nmod:poss",
    "obl",
    "punct",
    "case",
    "amod",
    "obl",
    "punct",
    "cc",
    "mark",
    "conj",
    "det",
    "obj",
    "punct",
    "root",
    "det",
    "obj",
    "case",
    "nmod:poss",
    "nmod",
    "punct"
  ],
  "token-ranges": [
    [
      0,
      6
    ],
    [
      7,
      18
    ],
    [
      18,
      19
    ],
    [
      21,
      25
    ],
    [
      26,
      32
    ],
    [
      33,
      40
    ],
    [
      41,
      48
    ],
    [
      49,
      52
    ],
    [
      53,
      60
    ],
    [
      61,
      63
    ],
    [
      64,
      67
    ],
    [
      68,
      71
    ],
    [
      72,
      74
    ],
    [
      75,
      78
    ],
    [
      79,
      89
    ],
    [
      90,
      93
    ],
    [
      94,
      97
    ],
    [
      98,
      100
    ],
    [
      101,
      112
    ],
    [
      113,
      117
    ],
    [
      118,
      121
    ],
    [
      122,
      126
    ],
    [
      127,
      130
    ],
    [
      131,
      134
    ],
    [
      135,
      138
    ],
    [
      139,
      147
    ],
    [
      148,
      150
    ],
    [
      151,
      158
    ],
    [
      159,
      162
    ],
    [
      163,
      171
    ],
    [
      172,
      174
    ],
    [
      175,
      179
    ],
    [
      180,
      189
    ],
    [
      189,
      190
    ],
    [
      191,
      194
    ],
    [
      195,
      199
    ],
    [
      200,
      211
    ],
    [
      211,
      212
    ],
    [
      213,
      216
    ],
    [
      217,
      219
    ],
    [
      220,
      228
    ],
    [
      229,
      234
    ],
    [
      235,
      242
    ],
    [
      242,
      243
    ],
    [
      244,
      251
    ],
    [
      252,
      255
    ],
    [
      256,
      264
    ],
    [
      265,
      267
    ],
    [
      268,
      272
    ],
    [
      273,
      279
    ],
    [
      279,
      280
    ]
  ],
  "sent-token-ranges": [
    [
      0,
      2
    ],
    [
      3,
      33
    ],
    [
      34,
      50
    ]
  ],
  "entity/argument_mentions": [],
  "event_mentions": []
}