{
  "text": "Social Games:\n\nWith respect to Social Games, you may manage your own social network privacy preferences through your social networking site account.\n\n",
  "words": [
    "Social",
    "Games",
    ":",
    "With",
    "respect",
    "to",
    "Social",
    "Games",
    ",",
    "you",
    "may",
    "manage",
    "your",
    "own",
    "social",
    "network",
    "privacy",
    "preferences",
    "through",
    "your",
    "social",
    "networking",
    "site",
    "account",
    "."
  ],
  "lemma": [
    "social",
    "game",
    ":",
    "with",
    "respect",
    "to",
    "Social",
    "games",
    ",",
    "you",
    "may",
    "manage",
    "you",
    "own",
    "social",
    "network",
    "privacy",
    "preference",
    "through",
    "you",
    "social",
    "networking",
    "site",
    "account",
    "."
  ],
  "pos-tags": [
    "JJ",
    "NNS",
    ":",
    "IN",
    "NN",
    "IN",
    "NNP",
    "NNP",
    ",",
    "PRP",
    "MD",
    "VB",
    "PRP$",
    "JJ",
    "JJ",
    "NN",
    "NN",
    "NNS",
    "IN",
    "PRP$",
    "JJ",
    "NN",
    "NN",
    "NN",
    "."
  ],
  "dependency-relation": [
    "amod",
    "root",
    "punct",
    "case",
    "obl",
    "case",
    "compound",
    "nmod",
    "punct",
    "nsubj",
    "aux",
    "root",
    "nmod:poss",
    "amod",
    "amod",
    "compound",
    "compound",
    "obj",
    "case",
    "nmod:poss",
    "amod",
    "compound",
    "compound",
    "obl",
    "punct"
  ],
  "token-ranges": [
    [
      0,
      6
    ],
    [
      7,
      12
    ],
    [
      12,
      13
    ],
    [
      15,
      19
    ],
    [
      20,
      27
    ],
    [
      28,
      30
    ],
    [
      31,
      37
    ],
    [
      38,
      43
    ],
    [
      43,
      44
    ],
    [
      45,
      48
    ],
    [
      49,
      52
    ],
    [
      53,
      59
    ],
    [
      60,
      64
    ],
    [
      65,
      68
    ],
    [
      69,
      75
    ],
    [
      76,
      83
    ],
    [
      84,
      91
    ],
    [
      92,
      103
    ],
    [
      104,
      111
    ],
    [
      112,
      116
    ],
    [
      117,
      123
    ],
    [
      124,
      134
    ],
    [
      135,
      139
    ],
    [
      140,
      147
    ],
    [
      147,
      148
    ]
  ],
  "sent-token-ranges": [
    [
      0,
      2
    ],
    [
      3,
      24
    ]
  ],
  "entity/argument_mentions": [],
  "event_mentions": []
}