{
  "text": "AGREEMENT WITH BAGELCODE POLICIES\n\nBy accessing and/or using any of the Bagelcode Services, you signify your understanding of and agreement with this Privacy Policy, and to our Terms of Use . If you do not agree with our policies, please do not access or use any Bagelcode Services.\n\n",
  "words": [
    "AGREEMENT",
    "WITH",
    "BAGELCODE",
    "POLICIES",
    "By",
    "accessing",
    "and",
    "/",
    "or",
    "using",
    "any",
    "of",
    "the",
    "Bagelcode",
    "Services",
    ",",
    "you",
    "signify",
    "your",
    "understanding",
    "of",
    "and",
    "agreement",
    "with",
    "this",
    "Privacy",
    "Policy",
    ",",
    "and",
    "to",
    "our",
    "Terms",
    "of",
    "Use",
    ".",
    "If",
    "you",
    "do",
    "not",
    "agree",
    "with",
    "our",
    "policies",
    ",",
    "please",
    "do",
    "not",
    "access",
    "or",
    "use",
    "any",
    "Bagelcode",
    "Services",
    "."
  ],
  "lemma": [
    "agreement",
    "with",
    "Bagelcode",
    "policy",
    "by",
    "accessing",
    "and",
    "/",
    "or",
    "use",
    "any",
    "of",
    "the",
    "Bagelcode",
    "service",
    ",",
    "you",
    "signify",
    "you",
    "understanding",
    "of",
    "and",
    "agreement",
    "with",
    "this",
    "privacy",
    "policy",
    ",",
    "and",
    "to",
    "we",
    "term",
    "of",
    "use",
    ".",
    "if",
    "you",
    "do",
    "not",
    "agree",
    "with",
    "we",
    "policy",
    ",",
    "please",
    "do",
    "not",
    "access",
    "or",
    "use",
    "any",
    "Bagelcode",
    "service",
    "."
  ],
  "pos-tags": [
    "GW",
    "GW",
    "GW",
    "NN",
    "IN",
    "NN",
    "CC",
    ",",
    "CC",
    "VBG",
    "DT",
    "IN",
    "DT",
    "NN",
    "NNS",
    ",",
    "PRP",
    "VBP",
    "PRP$",
    "NN",
    "IN",
    "CC",
    "NN",
    "IN",
    "DT",
    "NN",
    "NN",
    ",",
    "CC",
    "IN",
    "PRP$",
    "NNS",
    "IN",
    "NN",
    ".",
    "IN",
    "PRP",
    "VBP",
    "RB",
    "VB",
    "IN",
    "PRP$",
    "NNS",
    ",",
    "UH",
    "VBP",
    "RB",
    "VB",
    "CC",
    "VB",
    "DT",
    "NN",
    "NNS",
    "."
  ],
  "dependency-relation": [
    "goeswith",
    "goeswith",
    "goeswith",
    "root",
    "case",
    "obl",
    "cc",
    "cc",
    "cc",
    "conj",
    "conj",
    "case",
    "det",
    "compound",
    "nmod",
    "punct",
    "nsubj",
    "root",
    "nmod:poss",
    "obj",
    "case",
    "cc",
    "nmod",
    "case",
    "det",
    "compound",
    "nmod",
    "punct",
    "cc",
    "case",
    "nmod:poss",
    "conj",
    "case",
    "nmod",
    "punct",
    "mark",
    "nsubj",
    "aux",
    "advmod",
    "advcl",
    "case",
    "nmod:poss",
    "obl",
    "punct",
    "discourse",
    "aux",
    "advmod",
    "root",
    "cc",
    "conj",
    "det",
    "compound",
    "obj",
    "punct"
  ],
  "token-ranges": [
    [
      0,
      9
    ],
    [
      10,
      14
    ],
    [
      15,
      24
    ],
    [
      25,
      33
    ],
    [
      35,
      37
    ],
    [
      38,
      47
    ],
    [
      48,
      51
    ],
    [
      51,
      52
    ],
    [
      52,
      54
    ],
    [
      55,
      60
    ],
    [
      61,
      64
    ],
    [
      65,
      67
    ],
    [
      68,
      71
    ],
    [
      72,
      81
    ],
    [
      82,
      90
    ],
    [
      90,
      91
    ],
    [
      92,
      95
    ],
    [
      96,
      103
    ],
    [
      104,
      108
    ],
    [
      109,
      122
    ],
    [
      123,
      125
    ],
    [
      126,
      129
    ],
    [
      130,
      139
    ],
    [
      140,
      144
    ],
    [
      145,
      149
    ],
    [
      150,
      157
    ],
    [
      158,
      164
    ],
    [
      164,
      165
    ],
    [
      166,
      169
    ],
    [
      170,
      172
    ],
    [
      173,
      176
    ],
    [
      177,
      182
    ],
    [
      183,
      185
    ],
    [
      186,
      189
    ],
    [
      190,
      191
    ],
    [
      192,
      194
    ],
    [
      195,
      198
    ],
    [
      199,
      201
    ],
    [
      202,
      205
    ],
    [
      206,
      211
    ],
    [
      212,
      216
    ],
    [
      217,
      220
    ],
    [
      221,
      229
    ],
    [
      229,
      230
    ],
    [
      231,
      237
    ],
    [
      238,
      240
    ],
    [
      241,
      244
    ],
    [
      245,
      251
    ],
    [
      252,
      254
    ],
    [
      255,
      258
    ],
    [
      259,
      262
    ],
    [
      263,
      272
    ],
    [
      273,
      281
    ],
    [
      281,
      282
    ]
  ],
  "sent-token-ranges": [
    [
      0,
      3
    ],
    [
      4,
      34
    ],
    [
      35,
      53
    ]
  ],
  "entity/argument_mentions": [],
  "event_mentions": []
}