{
  "text": "CHANGES TO PRIVACY POLICY\n\nWe may revise this Privacy Policy at any time, as we deem appropriate. When we post changes to this Privacy Policy, we will revise the \"last modified\" date at the top of this page. We advise you to regularly review this Privacy Policy to be informed of how Bagelcode collects, uses, and secures your information.\n\n",
  "words": [
    "CHANGES",
    "TO",
    "PRIVACY",
    "POLICY",
    "We",
    "may",
    "revise",
    "this",
    "Privacy",
    "Policy",
    "at",
    "any",
    "time",
    ",",
    "as",
    "we",
    "deem",
    "appropriate",
    ".",
    "When",
    "we",
    "post",
    "changes",
    "to",
    "this",
    "Privacy",
    "Policy",
    ",",
    "we",
    "will",
    "revise",
    "the",
    "\"",
    "last",
    "modified",
    "\"",
    "date",
    "at",
    "the",
    "top",
    "of",
    "this",
    "page",
    ".",
    "We",
    "advise",
    "you",
    "to",
    "regularly",
    "review",
    "this",
    "Privacy",
    "Policy",
    "to",
    "be",
    "informed",
    "of",
    "how",
    "Bagelcode",
    "collects",
    ",",
    "uses",
    ",",
    "and",
    "secures",
    "your",
    "information",
    "."
  ],
  "lemma": [
    "change",
    "to",
    "privacy",
    "policy",
    "we",
    "may",
    "revise",
    "this",
    "privacy",
    "policy",
    "at",
    "any",
    "time",
    ",",
    "as",
    "we",
    "deem",
    "appropriate",
    ".",
    "when",
    "we",
    "post",
    "change",
    "to",
    "this",
    "privacy",
    "policy",
    ",",
    "we",
    "will",
    "revise",
    "the",
    "\"",
    "last",
    "modify",
    "\"",
    "date",
    "at",
    "the",
    "top",
    "of",
    "this",
    "page",
    ".",
    "we",
    "advise",
    "you",
    "to",
    "regularly",
    "review",
    "this",
    "privacy",
    "policy",
    "to",
    "be",
    "inform",
    "of",
    "how",
    "Bagelcode",
    "collect",
    ",",
    "use",
    ",",
    "and",
    "secure",
    "you",
    "information",
    "."
  ],
  "pos-tags": [
    "VBZ",
    "TO",
    "VB",
    "NN",
    "PRP",
    "MD",
    "VB",
    "DT",
    "NN",
    "NN",
    "IN",
    "DT",
    "NN",
    ",",
    "IN",
    "PRP",
    "VBP",
    "JJ",
    ".",
    "WRB",
    "PRP",
    "VBD",
    "NNS",
    "IN",
    "DT",
    "NN",
    "NN",
    ",",
    "PRP",
    "MD",
    "VB",
    "DT",
    "``",
    "JJ",
    "VBN",
    "``",
    "NN",
    "IN",
    "DT",
    "NN",
    "IN",
    "DT",
    "NN",
    ".",
    "PRP",
    "VBP",
    "PRP",
    "TO",
    "RB",
    "VB",
    "DT",
    "NN",
    "NN",
    "TO",
    "VB",
    "VBN",
    "IN",
    "WRB",
    "VBN",
    "NNS",
    ",",
    "NNS",
    ",",
    "CC",
    "VBZ",
    "PRP$",
    "NN",
    "."
  ],
  "dependency-relation": [
    "root",
    "mark",
    "xcomp",
    "obj",
    "nsubj",
    "aux",
    "root",
    "det",
    "compound",
    "obj",
    "case",
    "det",
    "obl",
    "punct",
    "mark",
    "nsubj",
    "advcl",
    "obj",
    "punct",
    "mark",
    "nsubj",
    "advcl",
    "obj",
    "case",
    "det",
    "compound",
    "obl",
    "punct",
    "nsubj",
    "aux",
    "root",
    "det",
    "punct",
    "amod",
    "amod",
    "punct",
    "obj",
    "case",
    "det",
    "nmod",
    "case",
    "det",
    "nmod",
    "punct",
    "nsubj",
    "root",
    "obj",
    "mark",
    "advmod",
    "xcomp",
    "det",
    "compound",
    "obj",
    "mark",
    "aux:pass",
    "advcl",
    "mark",
    "advmod",
    "advcl",
    "obj",
    "punct",
    "conj",
    "punct",
    "cc",
    "conj",
    "nmod:poss",
    "obj",
    "punct"
  ],
  "token-ranges": [
    [
      0,
      7
    ],
    [
      8,
      10
    ],
    [
      11,
      18
    ],
    [
      19,
      25
    ],
    [
      27,
      29
    ],
    [
      30,
      33
    ],
    [
      34,
      40
    ],
    [
      41,
      45
    ],
    [
      46,
      53
    ],
    [
      54,
      60
    ],
    [
      61,
      63
    ],
    [
      64,
      67
    ],
    [
      68,
      72
    ],
    [
      72,
      73
    ],
    [
      74,
      76
    ],
    [
      77,
      79
    ],
    [
      80,
      84
    ],
    [
      85,
      96
    ],
    [
      96,
      97
    ],
    [
      98,
      102
    ],
    [
      103,
      105
    ],
    [
      106,
      110
    ],
    [
      111,
      118
    ],
    [
      119,
      121
    ],
    [
      122,
      126
    ],
    [
      127,
      134
    ],
    [
      135,
      141
    ],
    [
      141,
      142
    ],
    [
      143,
      145
    ],
    [
      146,
      150
    ],
    [
      151,
      157
    ],
    [
      158,
      161
    ],
    [
      162,
      163
    ],
    [
      163,
      167
    ],
    [
      168,
      176
    ],
    [
      176,
      177
    ],
    [
      178,
      182
    ],
    [
      183,
      185
    ],
    [
      186,
      189
    ],
    [
      190,
      193
    ],
    [
      194,
      196
    ],
    [
      197,
      201
    ],
    [
      202,
      206
    ],
    [
      206,
      207
    ],
    [
      208,
      210
    ],
    [
      211,
      217
    ],
    [
      218,
      221
    ],
    [
      222,
      224
    ],
    [
      225,
      234
    ],
    [
      235,
      241
    ],
    [
      242,
      246
    ],
    [
      247,
      254
    ],
    [
      255,
      261
    ],
    [
      262,
      264
    ],
    [
      265,
      267
    ],
    [
      268,
      276
    ],
    [
      277,
      279
    ],
    [
      280,
      283
    ],
    [
      284,
      293
    ],
    [
      294,
      302
    ],
    [
      302,
      303
    ],
    [
      304,
      308
    ],
    [
      308,
      309
    ],
    [
      310,
      313
    ],
    [
      314,
      321
    ],
    [
      322,
      326
    ],
    [
      327,
      338
    ],
    [
      338,
      339
    ]
  ],
  "sent-token-ranges": [
    [
      0,
      3
    ],
    [
      4,
      18
    ],
    [
      19,
      43
    ],
    [
      44,
      67
    ]
  ],
  "entity/argument_mentions": [],
  "event_mentions": []
}